#,Name,Type 1,Type 2,Total,HP,Attack,Defense,Sp. Atk,Sp. Def,Speed,Generation,Legendary,Attack_cleaned
1,Bulbasaur,Grass,Poison,318.0,45.0,49.0,49.0,65.0,65.0,45.0,1.0,True,49.0
2,Ivysaur,Grass,Poison,405.0,60.0,62.0,63.0,80.0,80.0,60.0,1.0,True,62.0
3,Venusaur,Grass,Poison,525.0,80.0,82.0,83.0,100.0,100.0,80.0,1.0,True,82.0
3,VenusaurMega Venusaur,Grass,Poison,625.0,80.0,100.0,123.0,122.0,120.0,80.0,1.0,True,100.0
4,Charmander,Fire,None,309.0,39.0,52.0,43.0,60.0,50.0,65.0,1.0,True,52.0
5,Charmeleon,Fire,None,405.0,58.0,64.0,58.0,80.0,65.0,80.0,1.0,True,64.0
6,Charizard,Fire,Flying,534.0,78.0,84.0,78.0,109.0,85.0,100.0,1.0,True,84.0
6,CharizardMega Charizard X,Fire,Dragon,634.0,78.0,130.0,111.0,130.0,85.0,100.0,1.0,True,130.0
6,CharizardMega Charizard Y,Fire,Flying,634.0,78.0,104.0,78.0,159.0,115.0,100.0,1.0,True,104.0
7,Squirtle,Water,None,314.0,44.0,840.0,65.0,50.0,64.0,43.0,1.0,True,167.5
8,Wartortle,Water,None,405.0,59.0,63.0,80.0,65.0,80.0,58.0,1.0,True,63.0
9,Blastoise,Water,None,530.0,79.0,83.0,100.0,85.0,105.0,78.0,,True,83.0
9,BlastoiseMega Blastoise,Water,None,630.0,79.0,103.0,120.0,135.0,115.0,78.0,1.0,True,103.0
10,Caterpie,Bug,None,195.0,45.0,30.0,35.0,20.0,20.0,45.0,1.0,True,30.0
11,Metapod,Bug,None,205.0,50.0,20.0,55.0,25.0,25.0,30.0,1.0,True,20.0
12,Butterfree,Bug,Flying,395.0,60.0,45.0,50.0,90.0,80.0,70.0,1.0,True,45.0
13,Weedle,Bug,Poison,195.0,,35.0,30.0,20.0,20.0,50.0,1.0,True,35.0
14,Kakuna,Bug,Poison,205.0,45.0,25.0,50.0,25.0,25.0,35.0,1.0,True,25.0
15,Beedrill,Bug,Poison,395.0,65.0,90.0,40.0,45.0,80.0,75.0,1.0,True,90.0
15,BeedrillMega Beedrill,Bug,Poison,495.0,65.0,150.0,40.0,15.0,80.0,145.0,1.0,True,150.0
17,Pidgeotto,Normal,Flying,349.0,63.0,60.0,55.0,50.0,50.0,71.0,1.0,True,60.0
16,Pidgey,Normal,Flying,251.0,40.0,45.0,40.0,35.0,35.0,56.0,1.0,True,45.0
18,Pidgeot,Normal,Flying,479.0,83.0,80.0,75.0,70.0,70.0,101.0,1.0,True,80.0
18,PidgeotMega Pidgeot,Normal,Flying,579.0,83.0,80.0,80.0,135.0,80.0,121.0,1.0,True,80.0
19,Rattata,Normal,None,253.0,30.0,56.0,35.0,25.0,35.0,72.0,1.0,True,56.0
20,Raticate,Normal,None,413.0,55.0,81.0,60.0,50.0,70.0,97.0,1.0,True,81.0
21,Spearow,Normal,Flying,262.0,40.0,60.0,30.0,31.0,31.0,70.0,1.0,True,60.0
22,Fearow,Normal,Flying,442.0,65.0,90.0,65.0,61.0,61.0,100.0,1.0,True,90.0
23,Ekans,Poison,None,288.0,35.0,60.0,44.0,40.0,54.0,55.0,1.0,True,60.0
24,Arbok,Poison,None,438.0,60.0,85.0,69.0,65.0,79.0,80.0,1.0,True,85.0
25,Pikachu,Electric,None,320.0,35.0,55.0,40.0,50.0,50.0,90.0,,True,55.0
26,Raichu,Electric,None,485.0,60.0,90.0,55.0,90.0,80.0,110.0,1.0,True,90.0
27,Sandshrew,Ground,0,300.0,50.0,75.0,85.0,20.0,30.0,40.0,1.0,True,75.0
28,Sandslash,Ground,None,450.0,75.0,100.0,110.0,45.0,55.0,65.0,1.0,True,100.0
29,Nidoranâ,Poison,None,275.0,55.0,47.0,52.0,40.0,40.0,41.0,1.0,True,47.0
30,Nidorina,Poison,None,365.0,70.0,62.0,67.0,55.0,55.0,56.0,1.0,True,62.0
31,Nidoqueen,Poison,Ground,505.0,90.0,92.0,87.0,750.0,85.0,76.0,1.0,True,92.0
32,Nidoranâ?Poison,,273,46.0,57.0,40.0,40.0,40.0,50.0,1.0,,True,40.0
33,Nidorino,Poison,None,365.0,61.0,72.0,57.0,55.0,55.0,65.0,1.0,True,72.0
34,Nidoking,Poison,Ground,505.0,81.0,102.0,77.0,85.0,75.0,85.0,1.0,True,102.0
35,Clefairy,Fairy,None,323.0,70.0,45.0,48.0,60.0,65.0,35.0,1.0,True,45.0
36,Clefable,Fairy,None,483.0,95.0,70.0,73.0,95.0,90.0,60.0,1.0,True,70.0
37,Vulpix,Fire,None,299.0,38.0,41.0,40.0,50.0,65.0,65.0,1.0,True,41.0
38,Ninetales,Fire,None,505.0,73.0,76.0,75.0,81.0,100.0,100.0,1.0,True,76.0
39,Jigglypuff,Normal,Fairy,270.0,115.0,45.0,20.0,45.0,25.0,20.0,1.0,True,45.0
40,Wigglytuff,Normal,Fairy,435.0,140.0,70.0,45.0,85.0,50.0,45.0,1.0,True,70.0
41,Zubat,Poison,Flying,845.0,40.0,45.0,35.0,30.0,40.0,55.0,1.0,True,45.0
42,Golbat,Poison,Flying,455.0,75.0,80.0,70.0,65.0,75.0,90.0,1.0,True,80.0
43,Oddish,Grass,Poison,320.0,45.0,50.0,55.0,75.0,65.0,30.0,1.0,True,50.0
44,Gloom,Grass,Poison,395.0,60.0,65.0,70.0,85.0,75.0,40.0,1.0,True,65.0
45,Vileplume,Grass,Poison,490.0,75.0,80.0,85.0,110.0,90.0,50.0,1.0,True,80.0
46,Paras,Bug,Grass,285.0,35.0,70.0,55.0,45.0,55.0,25.0,1.0,True,70.0
47,Parasect,Bug,Grass,405.0,60.0,95.0,80.0,60.0,80.0,30.0,1.0,True,95.0
48,Venonat,Bug,Poison,305.0,60.0,55.0,50.0,40.0,55.0,45.0,1.0,True,55.0
49,Venomoth,Bug,Poison,450.0,70.0,65.0,60.0,90.0,75.0,90.0,1.0,True,65.0
50,Diglett,Ground,None,265.0,10.0,55.0,25.0,35.0,45.0,95.0,1.0,True,55.0
51,Dugtrio,Ground,None,405.0,35.0,80.0,50.0,50.0,70.0,120.0,1.0,True,80.0
52,Meowth,Normal,None,290.0,40.0,45.0,35.0,40.0,40.0,90.0,1.0,True,45.0
53,Persian,Normal,None,440.0,65.0,70.0,60.0,65.0,65.0,115.0,1.0,True,70.0
54,Psyduck,Water,None,320.0,50.0,52.0,48.0,65.0,50.0,55.0,1.0,True,52.0
55,Golduck,Water,None,500.0,120.0,82.0,78.0,95.0,80.0,85.0,1.0,True,82.0
56,Mankey,Fighting,None,305.0,40.0,80.0,35.0,35.0,45.0,70.0,1.0,True,80.0
57,Primeape,Fighting,None,455.0,65.0,105.0,60.0,60.0,70.0,95.0,1.0,True,105.0
58,Growlithe,Fire,None,350.0,55.0,70.0,45.0,70.0,50.0,60.0,1.0,True,70.0
59,Arcanine,Fire,None,555.0,90.0,110.0,80.0,100.0,80.0,95.0,1.0,True,110.0
60,Poliwag,Water,None,300.0,40.0,50.0,40.0,40.0,40.0,90.0,1.0,True,50.0
61,Poliwhirl,Water,None,385.0,65.0,65.0,65.0,50.0,50.0,90.0,1.0,True,65.0
62,Poliwrath,Water,Fighting,510.0,90.0,95.0,95.0,70.0,90.0,70.0,1.0,True,95.0
63,Abra,Psychic,None,310.0,25.0,20.0,15.0,105.0,55.0,90.0,1.0,True,20.0
64,Kadabra,Psychic,None,400.0,40.0,35.0,30.0,120.0,70.0,105.0,1.0,True,35.0
65,Alakazam,Psychic,None,500.0,55.0,50.0,45.0,135.0,95.0,120.0,1.0,True,50.0
65,AlakazamMega Alakazam,Psychic,None,590.0,55.0,50.0,65.0,175.0,95.0,150.0,1.0,True,50.0
66,Machop,Fighting,None,305.0,70.0,80.0,50.0,35.0,35.0,35.0,1.0,True,80.0
67,Machoke,Fighting,None,405.0,80.0,100.0,70.0,50.0,60.0,45.0,1.0,True,100.0
68,Machamp,Fighting,None,505.0,90.0,130.0,80.0,65.0,85.0,55.0,1.0,True,130.0
69,Bellsprout,Grass,Poison,300.0,50.0,75.0,35.0,70.0,30.0,40.0,1.0,True,75.0
70,Weepinbell,Grass,Poison,390.0,65.0,90.0,50.0,85.0,45.0,55.0,1.0,True,90.0
71,Victreebel,Grass,Poison,490.0,80.0,105.0,65.0,100.0,70.0,70.0,1.0,True,105.0
72,Tentacool,Water,Poison,335.0,40.0,40.0,35.0,50.0,100.0,70.0,1.0,True,40.0
73,Tentacruel,Water,Poison,515.0,80.0,70.0,65.0,80.0,120.0,100.0,1.0,True,70.0
74,Geodude,Rock,Ground,300.0,40.0,80.0,100.0,30.0,30.0,20.0,1.0,True,80.0
75,Graveler,Rock,Ground,390.0,55.0,95.0,115.0,45.0,45.0,35.0,1.0,True,95.0
76,Golem,Rock,Ground,495.0,80.0,120.0,130.0,55.0,65.0,45.0,1.0,True,120.0
77,Ponyta,Fire,None,410.0,50.0,85.0,55.0,65.0,65.0,90.0,1.0,True,85.0
78,Rapidash,Fire,None,500.0,65.0,100.0,70.0,80.0,80.0,105.0,1.0,True,100.0
79,Slowpoke,Water,Psychic,315.0,90.0,65.0,65.0,40.0,40.0,15.0,1.0,True,65.0
80,Slowbro,Water,Psychic,490.0,95.0,75.0,110.0,100.0,80.0,30.0,1.0,True,75.0
80,SlowbroMega Slowbro,Water,Psychic,590.0,95.0,75.0,180.0,130.0,80.0,30.0,1.0,True,75.0
81,Magnemite,Electric,Steel,325.0,25.0,35.0,70.0,95.0,55.0,45.0,1.0,True,35.0
82,Magneton,Electric,Steel,465.0,50.0,60.0,95.0,120.0,70.0,70.0,1.0,True,60.0
83,Farfetch'd,Normal,Flying,352.0,52.0,65.0,55.0,58.0,62.0,60.0,1.0,True,65.0
84,Doduo,Normal,Flying,310.0,35.0,85.0,45.0,35.0,35.0,75.0,1.0,True,85.0
85,Dodrio,Normal,Flying,460.0,60.0,110.0,70.0,60.0,60.0,100.0,1.0,True,110.0
86,Seel,Water,None,325.0,65.0,45.0,55.0,45.0,70.0,45.0,1.0,True,45.0
87,Dewgong,Water,Ice,475.0,90.0,70.0,80.0,70.0,95.0,70.0,1.0,True,70.0
88,Grimer,Poison,None,325.0,80.0,80.0,50.0,40.0,50.0,25.0,1.0,True,80.0
89,Muk,Poison,None,500.0,105.0,105.0,75.0,65.0,100.0,50.0,1.0,True,105.0
90,Shellder,Water,None,305.0,30.0,65.0,100.0,45.0,25.0,40.0,1.0,True,65.0
91,Cloyster,Water,Ice,525.0,50.0,95.0,180.0,85.0,45.0,70.0,1.0,True,95.0
92,Gastly,Ghost,Poison,310.0,30.0,35.0,30.0,100.0,35.0,80.0,1.0,True,35.0
93,Haunter,Ghost,Poison,405.0,45.0,50.0,45.0,115.0,55.0,95.0,1.0,True,50.0
94,Gengar,Ghost,Poison,500.0,60.0,65.0,60.0,130.0,75.0,110.0,1.0,True,65.0
94,GengarMega Gengar,Ghost,Poison,600.0,60.0,65.0,80.0,170.0,95.0,130.0,1.0,True,65.0
95,Onix,Rock,Ground,385.0,35.0,45.0,160.0,30.0,45.0,70.0,1.0,True,45.0
96,Drowzee,Psychic,None,328.0,60.0,48.0,45.0,43.0,90.0,42.0,1.0,True,48.0
97,Hypno,Psychic,None,483.0,85.0,73.0,70.0,73.0,115.0,67.0,1.0,True,73.0
98,Krabby,Water,None,325.0,30.0,105.0,90.0,25.0,25.0,50.0,1.0,True,105.0
99,Kingler,Water,None,475.0,55.0,130.0,115.0,50.0,50.0,75.0,1.0,True,130.0
100,Voltorb,Electric,None,330.0,40.0,30.0,50.0,55.0,55.0,100.0,1.0,True,30.0
101,Electrode,Electric,None,480.0,60.0,50.0,70.0,80.0,80.0,140.0,1.0,True,50.0
102,Exeggcute,Grass,Psychic,325.0,60.0,40.0,80.0,60.0,45.0,40.0,1.0,True,40.0
103,Exeggutor,Grass,Psychic,520.0,95.0,95.0,85.0,125.0,65.0,55.0,1.0,True,95.0
104,Cubone,Ground,None,320.0,50.0,50.0,95.0,40.0,50.0,35.0,1.0,True,50.0
105,Marowak,Ground,None,425.0,60.0,80.0,110.0,50.0,80.0,45.0,1.0,True,80.0
106,Hitmonlee,Fighting,None,455.0,50.0,120.0,53.0,35.0,110.0,87.0,1.0,True,120.0
107,Hitmonchan,Fighting,A,455.0,50.0,105.0,79.0,35.0,110.0,76.0,1.0,True,105.0
108,Lickitung,Normal,None,385.0,90.0,55.0,75.0,60.0,75.0,30.0,1.0,True,55.0
109,Koffing,Poison,None,340.0,40.0,65.0,95.0,60.0,45.0,35.0,1.0,True,65.0
110,Weezing,Poison,None,490.0,65.0,90.0,120.0,85.0,70.0,60.0,1.0,True,90.0
111,Rhyhorn,Ground,Rock,345.0,80.0,85.0,95.0,30.0,30.0,25.0,1.0,True,85.0
112,Rhydon,Ground,Rock,485.0,105.0,130.0,120.0,45.0,45.0,40.0,1.0,True,130.0
113,Chansey,Normal,None,450.0,250.0,5.0,5.0,35.0,105.0,50.0,1.0,True,5.0
114,Tangela,Grass,None,435.0,65.0,55.0,115.0,100.0,40.0,60.0,1.0,True,55.0
115,Kangaskhan,Normal,None,490.0,105.0,95.0,80.0,40.0,80.0,90.0,1.0,True,95.0
115,KangaskhanMega Kangaskhan,Normal,None,590.0,105.0,125.0,100.0,60.0,100.0,100.0,1.0,True,125.0
116,Horsea,Water,None,295.0,30.0,40.0,70.0,70.0,25.0,60.0,1.0,True,40.0
117,Seadra,Water,None,440.0,55.0,65.0,95.0,95.0,45.0,85.0,1.0,True,65.0
118,Goldeen,Water,None,320.0,45.0,67.0,60.0,35.0,50.0,63.0,1.0,True,67.0
119,Seaking,Water,None,450.0,80.0,92.0,65.0,65.0,80.0,68.0,1.0,True,92.0
120,Staryu,Water,None,340.0,30.0,45.0,55.0,70.0,55.0,85.0,1.0,True,45.0
121,Starmie,Water,Psychic,520.0,60.0,75.0,85.0,100.0,85.0,115.0,1.0,True,75.0
122,Mr. Mime,Psychic,Fairy,460.0,40.0,45.0,65.0,100.0,120.0,90.0,1.0,True,45.0
123,Scyther,Bug,Flying,500.0,70.0,110.0,80.0,55.0,80.0,105.0,1.0,True,110.0
124,Jynx,Ice,Psychic,455.0,65.0,50.0,35.0,115.0,95.0,95.0,1.0,True,50.0
125,Electabuzz,Electric,None,490.0,65.0,83.0,57.0,95.0,85.0,105.0,1.0,True,83.0
126,Magmar,Fire,None,495.0,65.0,95.0,57.0,100.0,85.0,93.0,1.0,True,95.0
127,Pinsir,Bug,None,500.0,65.0,125.0,100.0,55.0,70.0,85.0,1.0,True,125.0
127,PinsirMega Pinsir,Bug,Flying,600.0,65.0,155.0,120.0,65.0,90.0,105.0,1.0,True,155.0
128,Tauros,Normal,None,490.0,75.0,1000.0,95.0,40.0,70.0,110.0,1.0,True,167.5
129,Magikarp,Water,None,200.0,20.0,10.0,55.0,15.0,20.0,80.0,1.0,True,10.0
130,Gyarados,Water,Flying,540.0,95.0,125.0,79.0,60.0,100.0,81.0,1.0,True,125.0
130,GyaradosMega Gyarados,Water,Dark,640.0,95.0,155.0,109.0,70.0,130.0,81.0,1.0,True,155.0
131,Lapras,Water,Ice,535.0,130.0,85.0,80.0,85.0,95.0,60.0,1.0,True,85.0
132,Ditto,Normal,None,288.0,48.0,48.0,48.0,48.0,48.0,48.0,1.0,True,48.0
133,Eevee,Normal,None,325.0,55.0,55.0,50.0,45.0,65.0,55.0,1.0,True,55.0
134,Vaporeon,Water,None,525.0,130.0,65.0,60.0,110.0,95.0,65.0,1.0,True,65.0
135,Jolteon,Electric,None,525.0,65.0,65.0,60.0,110.0,95.0,130.0,1.0,True,65.0
136,Flareon,Fire,None,525.0,65.0,130.0,60.0,95.0,110.0,65.0,1.0,True,130.0
137,Porygon,Normal,None,395.0,65.0,60.0,70.0,85.0,75.0,40.0,1.0,True,60.0
138,Omanyte,Rock,Water,355.0,35.0,40.0,100.0,90.0,55.0,35.0,1.0,True,40.0
139,Omastar,Rock,Water,495.0,70.0,60.0,125.0,115.0,70.0,55.0,1.0,True,60.0
140,Kabuto,Rock,Water,355.0,30.0,80.0,90.0,55.0,45.0,55.0,1.0,True,80.0
141,Kabutops,Rock,Water,495.0,60.0,115.0,105.0,65.0,70.0,80.0,1.0,True,115.0
142,Aerodactyl,Rock,Flying,515.0,80.0,105.0,65.0,60.0,75.0,130.0,1.0,True,105.0
142,AerodactylMega Aerodactyl,Rock,Flying,615.0,80.0,135.0,85.0,70.0,95.0,150.0,1.0,True,135.0
143,Snorlax,Normal,None,540.0,160.0,110.0,65.0,65.0,110.0,30.0,1.0,True,110.0
144,Articuno,Ice,Flying,580.0,90.0,85.0,100.0,95.0,125.0,85.0,1.0,True,85.0
145,Zapdos,Electric,Flying,580.0,90.0,90.0,85.0,125.0,90.0,100.0,1.0,True,90.0
146,Moltres,Fire,Flying,580.0,90.0,100.0,90.0,125.0,85.0,90.0,1.0,True,100.0
147,Dratini,Dragon,None,300.0,41.0,64.0,45.0,50.0,50.0,50.0,1.0,True,64.0
148,Dragonair,Dragon,None,420.0,61.0,84.0,65.0,70.0,70.0,70.0,1.0,True,84.0
149,Dragonite,Dragon,Flying,600.0,91.0,134.0,95.0,100.0,100.0,80.0,1.0,True,134.0
150,Mewtwo,Psychic,None,680.0,106.0,110.0,90.0,154.0,90.0,130.0,1.0,True,110.0
150,MewtwoMega Mewtwo X,Psychic,Fighting,780.0,106.0,190.0,100.0,154.0,100.0,130.0,1.0,True,167.5
150,MewtwoMega Mewtwo Y,Psychic,None,780.0,106.0,150.0,70.0,194.0,120.0,140.0,1.0,True,150.0
151,Mew,Psychic,None,600.0,100.0,100.0,100.0,100.0,100.0,100.0,1.0,True,100.0
152,Chikorita,Grass,None,318.0,45.0,49.0,65.0,49.0,65.0,45.0,2.0,True,49.0
153,Bayleef,Grass,None,405.0,60.0,62.0,80.0,63.0,80.0,60.0,2.0,True,62.0
154,Meganium,Grass,None,525.0,80.0,82.0,100.0,83.0,100.0,80.0,2.0,True,82.0
155,Cyndaquil,Fire,None,309.0,39.0,52.0,43.0,60.0,50.0,65.0,2.0,True,52.0
156,Quilava,Fire,None,405.0,58.0,64.0,58.0,80.0,65.0,80.0,2.0,True,64.0
157,Typhlosion,Fire,None,534.0,78.0,84.0,78.0,109.0,85.0,100.0,2.0,True,84.0
158,Totodile,Water,None,314.0,50.0,65.0,64.0,44.0,48.0,43.0,2.0,True,65.0
159,Croconaw,Water,None,405.0,65.0,80.0,80.0,59.0,63.0,58.0,2.0,True,80.0
160,Feraligatr,Water,None,530.0,85.0,105.0,100.0,79.0,83.0,78.0,2.0,True,105.0
161,Sentret,Normal,None,215.0,35.0,46.0,34.0,35.0,45.0,20.0,2.0,True,46.0
162,Furret,Normal,None,415.0,85.0,76.0,64.0,45.0,55.0,90.0,2.0,True,76.0
163,Hoothoot,Normal,Flying,262.0,60.0,30.0,30.0,36.0,56.0,50.0,2.0,True,30.0
164,Noctowl,Normal,Flying,442.0,100.0,50.0,50.0,76.0,96.0,70.0,2.0,True,50.0
165,Ledyba,Bug,Flying,265.0,40.0,20.0,30.0,40.0,80.0,55.0,2.0,True,20.0
166,Ledian,Bug,Flying,390.0,55.0,35.0,50.0,55.0,110.0,85.0,2.0,True,35.0
167,Spinarak,Bug,Poison,250.0,40.0,60.0,40.0,40.0,40.0,30.0,2.0,True,60.0
168,Ariados,Bug,Poison,390.0,70.0,90.0,70.0,60.0,60.0,40.0,2.0,True,90.0
169,Crobat,Poison,Flying,535.0,85.0,90.0,80.0,70.0,80.0,130.0,2.0,True,90.0
170,Chinchou,Water,Electric,330.0,75.0,38.0,38.0,56.0,56.0,67.0,2.0,True,38.0
171,Lanturn,Water,Electric,460.0,125.0,58.0,58.0,76.0,76.0,67.0,2.0,True,58.0
172,Pichu,Electric,None,205.0,20.0,40.0,15.0,35.0,35.0,60.0,2.0,True,40.0
173,Cleffa,Fairy,None,218.0,50.0,25.0,28.0,45.0,55.0,15.0,2.0,True,25.0
174,Igglybuff,Normal,Fairy,210.0,90.0,30.0,15.0,40.0,20.0,15.0,2.0,True,30.0
175,Togepi,Fairy,None,245.0,35.0,20.0,65.0,40.0,65.0,20.0,2.0,True,20.0
176,Togetic,Fairy,Flying,405.0,55.0,40.0,85.0,80.0,105.0,40.0,2.0,True,40.0
177,Natu,Psychic,Flying,320.0,40.0,50.0,45.0,70.0,45.0,70.0,2.0,True,50.0
178,Xatu,Psychic,Flying,470.0,65.0,75.0,70.0,95.0,70.0,95.0,2.0,True,75.0
179,Mareep,Electric,None,280.0,55.0,40.0,40.0,65.0,45.0,35.0,2.0,True,40.0
180,Flaaffy,Electric,None,365.0,70.0,55.0,55.0,80.0,60.0,45.0,2.0,True,55.0
181,Ampharos,Electric,None,510.0,90.0,75.0,85.0,115.0,90.0,55.0,2.0,True,75.0
181,AmpharosMega Ampharos,Electric,Dragon,610.0,90.0,95.0,105.0,165.0,110.0,45.0,2.0,True,95.0
182,Bellossom,Grass,None,490.0,75.0,80.0,95.0,90.0,100.0,50.0,2.0,True,80.0
183,Marill,Water,Fairy,250.0,70.0,20.0,50.0,20.0,50.0,40.0,2.0,True,20.0
184,Azumarill,Water,Fairy,420.0,100.0,50.0,80.0,60.0,80.0,50.0,2.0,True,50.0
185,Sudowoodo,Rock,None,410.0,70.0,100.0,115.0,30.0,65.0,30.0,2.0,True,100.0
186,Politoed,Water,None,500.0,90.0,75.0,75.0,90.0,100.0,70.0,2.0,True,75.0
187,Hoppip,Grass,Flying,250.0,35.0,35.0,40.0,35.0,55.0,50.0,2.0,True,35.0
188,Skiploom,Grass,Flying,340.0,55.0,45.0,50.0,45.0,65.0,80.0,2.0,True,45.0
189,Jumpluff,Grass,Flying,460.0,75.0,55.0,70.0,55.0,95.0,110.0,2.0,True,55.0
190,Aipom,Normal,None,360.0,55.0,70.0,55.0,40.0,55.0,85.0,2.0,True,70.0
191,Sunkern,Grass,None,180.0,30.0,30.0,30.0,30.0,30.0,30.0,2.0,True,30.0
192,Sunflora,Grass,None,425.0,75.0,75.0,55.0,105.0,85.0,30.0,2.0,True,75.0
193,Yanma,Bug,Flying,390.0,65.0,65.0,45.0,75.0,45.0,95.0,2.0,True,65.0
194,Wooper,Water,Ground,210.0,55.0,45.0,45.0,25.0,25.0,15.0,2.0,True,45.0
195,Quagsire,Water,Ground,430.0,95.0,85.0,85.0,65.0,65.0,35.0,2.0,True,85.0
196,Espeon,Psychic,None,525.0,65.0,65.0,60.0,130.0,95.0,110.0,2.0,True,65.0
197,Umbreon,Dark,None,525.0,95.0,65.0,110.0,60.0,130.0,65.0,2.0,True,65.0
198,Murkrow,Dark,Flying,405.0,60.0,85.0,42.0,85.0,42.0,91.0,2.0,True,85.0
199,Slowking,Water,Psychic,490.0,95.0,75.0,80.0,100.0,110.0,30.0,2.0,True,75.0
200,Misdreavus,Ghost,None,435.0,60.0,60.0,60.0,85.0,85.0,85.0,2.0,True,60.0
201,Unown,Psychic,None,336.0,48.0,72.0,48.0,72.0,48.0,48.0,2.0,True,72.0
202,Wobbuffet,Psychic,None,405.0,190.0,33.0,58.0,33.0,58.0,33.0,2.0,True,33.0
203,Girafarig,Normal,Psychic,455.0,70.0,80.0,65.0,90.0,65.0,85.0,2.0,True,80.0
204,Pineco,Bug,None,290.0,50.0,65.0,90.0,35.0,35.0,15.0,2.0,True,65.0
205,Forretress,Bug,Steel,465.0,75.0,90.0,140.0,60.0,60.0,40.0,2.0,True,90.0
206,Dunsparce,Normal,None,415.0,100.0,70.0,70.0,65.0,65.0,45.0,2.0,True,70.0
207,Gligar,Ground,Flying,430.0,65.0,75.0,105.0,35.0,65.0,85.0,2.0,True,75.0
208,Steelix,Steel,Ground,510.0,75.0,85.0,200.0,55.0,65.0,30.0,2.0,True,85.0
208,SteelixMega Steelix,Steel,Ground,610.0,75.0,125.0,230.0,55.0,95.0,30.0,2.0,True,125.0
209,Snubbull,Fairy,None,300.0,60.0,80.0,50.0,40.0,40.0,30.0,2.0,True,80.0
210,Granbull,Fairy,None,450.0,90.0,120.0,75.0,60.0,60.0,45.0,2.0,True,120.0
211,Qwilfish,Water,Poison,430.0,65.0,95.0,75.0,55.0,55.0,85.0,2.0,True,95.0
212,Scizor,Bug,Steel,500.0,70.0,130.0,100.0,55.0,80.0,65.0,2.0,True,130.0
212,ScizorMega Scizor,Bug,Steel,600.0,70.0,150.0,140.0,65.0,100.0,75.0,2.0,True,150.0
213,Shuckle,Bug,Rock,505.0,20.0,10.0,230.0,10.0,230.0,5.0,2.0,True,10.0
214,Heracross,Bug,Fighting,500.0,80.0,125.0,75.0,40.0,95.0,85.0,2.0,True,125.0
214,HeracrossMega Heracross,Bug,Fighting,600.0,80.0,185.0,115.0,40.0,105.0,75.0,2.0,True,167.5
215,Sneasel,Dark,Ice,430.0,55.0,95.0,55.0,35.0,75.0,115.0,2.0,True,95.0
216,Teddiursa,Normal,None,330.0,60.0,80.0,50.0,50.0,50.0,40.0,2.0,True,80.0
217,Ursaring,Normal,None,500.0,90.0,130.0,75.0,75.0,75.0,55.0,2.0,True,130.0
218,Slugma,Fire,None,250.0,40.0,40.0,40.0,70.0,40.0,20.0,2.0,True,40.0
219,Magcargo,Fire,Rock,410.0,50.0,50.0,120.0,80.0,80.0,30.0,2.0,True,50.0
220,Swinub,Ice,Ground,250.0,50.0,50.0,40.0,30.0,30.0,50.0,2.0,True,50.0
221,Piloswine,Ice,Ground,450.0,100.0,100.0,80.0,60.0,60.0,50.0,2.0,True,100.0
222,Corsola,Water,Rock,380.0,55.0,55.0,85.0,65.0,85.0,35.0,2.0,True,55.0
223,Remoraid,Water,None,300.0,35.0,65.0,35.0,65.0,35.0,65.0,2.0,True,65.0
224,Octillery,Water,None,480.0,75.0,105.0,75.0,105.0,75.0,45.0,2.0,True,105.0
225,Delibird,Ice,Flying,330.0,45.0,55.0,45.0,65.0,45.0,75.0,2.0,True,55.0
226,Mantine,Water,Flying,465.0,65.0,40.0,70.0,80.0,140.0,70.0,2.0,True,40.0
227,Skarmory,Steel,Flying,465.0,65.0,80.0,140.0,40.0,70.0,70.0,2.0,True,80.0
228,Houndour,Dark,Fire,330.0,45.0,60.0,30.0,80.0,50.0,65.0,2.0,True,60.0
229,Houndoom,Dark,Fire,500.0,75.0,90.0,50.0,110.0,80.0,95.0,2.0,True,90.0
229,HoundoomMega Houndoom,Dark,Fire,600.0,75.0,90.0,90.0,140.0,90.0,115.0,2.0,True,90.0
230,Kingdra,Water,Dragon,540.0,75.0,95.0,95.0,95.0,95.0,85.0,2.0,True,95.0
231,Phanpy,Ground,None,330.0,90.0,60.0,60.0,40.0,40.0,40.0,2.0,True,60.0
232,Donphan,Ground,None,500.0,90.0,120.0,120.0,60.0,60.0,50.0,2.0,True,120.0
233,Porygon2,Normal,None,515.0,85.0,80.0,90.0,105.0,95.0,60.0,2.0,True,80.0
234,Stantler,Normal,None,465.0,73.0,95.0,62.0,85.0,65.0,85.0,2.0,True,95.0
235,Smeargle,Normal,None,250.0,55.0,20.0,35.0,20.0,45.0,75.0,2.0,True,20.0
236,Tyrogue,Fighting,None,210.0,35.0,35.0,35.0,35.0,35.0,35.0,2.0,True,35.0
237,Hitmontop,Fighting,None,455.0,50.0,95.0,95.0,35.0,110.0,70.0,2.0,True,95.0
238,Smoochum,Ice,Psychic,305.0,45.0,30.0,15.0,85.0,65.0,65.0,2.0,True,30.0
239,Elekid,Electric,None,360.0,45.0,63.0,37.0,65.0,55.0,95.0,2.0,True,63.0
240,Magby,Fire,None,365.0,45.0,75.0,37.0,70.0,55.0,83.0,2.0,True,75.0
241,Miltank,Normal,None,490.0,95.0,80.0,105.0,40.0,70.0,100.0,2.0,True,80.0
242,Blissey,Normal,None,540.0,255.0,10.0,10.0,75.0,135.0,55.0,2.0,True,10.0
243,Raikou,Electric,None,580.0,90.0,85.0,75.0,115.0,100.0,115.0,2.0,True,85.0
244,Entei,Fire,None,580.0,115.0,115.0,85.0,90.0,75.0,100.0,2.0,True,115.0
245,Suicune,Water,None,580.0,100.0,75.0,115.0,90.0,115.0,85.0,2.0,True,75.0
246,Larvitar,Rock,Ground,300.0,50.0,64.0,50.0,45.0,50.0,41.0,2.0,True,64.0
247,Pupitar,Rock,Ground,410.0,70.0,84.0,70.0,65.0,70.0,51.0,2.0,True,84.0
248,Tyranitar,Rock,Dark,600.0,100.0,134.0,110.0,95.0,100.0,61.0,2.0,True,134.0
248,TyranitarMega Tyranitar,Rock,Dark,700.0,100.0,164.0,150.0,95.0,120.0,71.0,2.0,True,164.0
249,Lugia,Psychic,Flying,680.0,106.0,90.0,130.0,90.0,154.0,110.0,2.0,True,90.0
250,Ho-oh,Fire,Flying,680.0,106.0,130.0,90.0,110.0,154.0,90.0,2.0,True,130.0
251,Celebi,Psychic,Grass,600.0,100.0,100.0,100.0,100.0,100.0,100.0,2.0,True,100.0
252,Treecko,Grass,None,310.0,40.0,45.0,35.0,65.0,55.0,70.0,3.0,True,45.0
253,Grovyle,Grass,None,405.0,50.0,65.0,45.0,85.0,65.0,95.0,3.0,True,65.0
254,Sceptile,Grass,None,530.0,70.0,85.0,65.0,105.0,85.0,120.0,3.0,True,85.0
254,SceptileMega Sceptile,Grass,Dragon,630.0,70.0,110.0,75.0,145.0,85.0,145.0,3.0,True,110.0
255,Torchic,Fire,None,310.0,45.0,60.0,40.0,70.0,50.0,45.0,3.0,True,60.0
256,Combusken,Fire,Fighting,405.0,60.0,85.0,60.0,85.0,60.0,55.0,3.0,True,85.0
257,Blaziken,Fire,Fighting,530.0,80.0,120.0,70.0,110.0,70.0,80.0,3.0,True,120.0
257,BlazikenMega Blaziken,Fire,Fighting,630.0,80.0,160.0,80.0,130.0,80.0,100.0,3.0,True,160.0
258,Mudkip,Water,None,310.0,50.0,70.0,50.0,50.0,50.0,40.0,3.0,True,70.0
259,Marshtomp,Water,Ground,405.0,70.0,85.0,70.0,60.0,70.0,50.0,3.0,True,85.0
260,Swampert,Water,Ground,535.0,100.0,110.0,90.0,85.0,90.0,60.0,3.0,True,110.0
260,SwampertMega Swampert,Water,Ground,635.0,100.0,150.0,110.0,95.0,110.0,70.0,3.0,True,150.0
261,Poochyena,Dark,None,220.0,35.0,55.0,35.0,30.0,30.0,35.0,3.0,True,55.0
262,Mightyena,Dark,None,420.0,70.0,90.0,70.0,60.0,60.0,70.0,3.0,True,90.0
263,Zigzagoon,Normal,None,240.0,38.0,30.0,41.0,30.0,41.0,60.0,3.0,True,30.0
264,Linoone,Normal,None,420.0,78.0,70.0,61.0,50.0,61.0,100.0,3.0,True,70.0
265,Wurmple,Bug,None,195.0,45.0,45.0,35.0,20.0,30.0,20.0,3.0,True,45.0
266,Silcoon,Bug,None,205.0,50.0,35.0,55.0,25.0,25.0,15.0,3.0,True,35.0
267,Beautifly,Bug,Flying,395.0,60.0,70.0,50.0,100.0,50.0,65.0,3.0,True,70.0
268,Cascoon,Bug,None,205.0,50.0,35.0,55.0,25.0,25.0,15.0,3.0,True,35.0
269,Dustox,Bug,Poison,385.0,60.0,50.0,70.0,50.0,90.0,65.0,3.0,True,50.0
270,Lotad,Water,Grass,220.0,40.0,30.0,30.0,40.0,50.0,30.0,3.0,True,30.0
271,Lombre,Water,Grass,340.0,60.0,50.0,50.0,60.0,70.0,50.0,3.0,True,50.0
272,Ludicolo,Water,Grass,480.0,80.0,70.0,70.0,90.0,100.0,70.0,3.0,True,70.0
273,Seedot,Grass,None,220.0,40.0,40.0,50.0,30.0,30.0,30.0,3.0,True,40.0
274,Nuzleaf,Grass,Dark,340.0,70.0,70.0,40.0,60.0,40.0,60.0,3.0,True,70.0
275,Shiftry,Grass,Dark,480.0,90.0,100.0,60.0,90.0,60.0,80.0,3.0,True,100.0
276,Taillow,Normal,Flying,270.0,40.0,55.0,30.0,30.0,30.0,85.0,3.0,True,55.0
277,Swellow,Normal,Flying,430.0,60.0,85.0,60.0,50.0,50.0,125.0,3.0,True,85.0
278,Wingull,Water,Flying,270.0,40.0,30.0,30.0,55.0,30.0,85.0,3.0,True,30.0
279,Pelipper,Water,Flying,430.0,60.0,50.0,100.0,85.0,70.0,65.0,3.0,True,50.0
280,Ralts,Psychic,Fairy,198.0,28.0,25.0,25.0,45.0,35.0,40.0,3.0,True,25.0
281,Kirlia,Psychic,Fairy,278.0,38.0,35.0,35.0,65.0,55.0,50.0,3.0,True,35.0
282,Gardevoir,Psychic,Fairy,518.0,68.0,65.0,65.0,125.0,115.0,80.0,3.0,True,65.0
282,GardevoirMega Gardevoir,Psychic,Fairy,618.0,68.0,85.0,65.0,165.0,135.0,100.0,3.0,True,85.0
283,Surskit,Bug,Water,269.0,40.0,30.0,32.0,50.0,52.0,65.0,3.0,True,30.0
284,Masquerain,Bug,Flying,414.0,70.0,60.0,62.0,80.0,82.0,60.0,3.0,True,60.0
285,Shroomish,Grass,None,295.0,60.0,40.0,60.0,40.0,60.0,35.0,3.0,True,40.0
286,Breloom,Grass,Fighting,460.0,60.0,130.0,80.0,60.0,60.0,70.0,3.0,True,130.0
287,Slakoth,Normal,None,280.0,60.0,60.0,60.0,35.0,35.0,30.0,3.0,True,60.0
288,Vigoroth,Normal,None,440.0,80.0,80.0,80.0,55.0,55.0,90.0,3.0,True,80.0
289,Slaking,Normal,None,670.0,150.0,160.0,100.0,95.0,65.0,100.0,3.0,True,160.0
290,Nincada,Bug,Ground,266.0,31.0,45.0,90.0,30.0,30.0,40.0,3.0,True,45.0
291,Ninjask,Bug,Flying,456.0,61.0,90.0,45.0,50.0,50.0,160.0,3.0,True,90.0
292,Shedinja,Bug,Ghost,236.0,1.0,90.0,45.0,30.0,30.0,40.0,3.0,True,90.0
293,Whismur,Normal,None,240.0,64.0,51.0,23.0,51.0,23.0,28.0,3.0,True,51.0
294,Loudred,Normal,None,360.0,84.0,71.0,43.0,71.0,43.0,48.0,3.0,True,71.0
295,Exploud,Normal,None,490.0,104.0,91.0,63.0,91.0,73.0,68.0,3.0,True,91.0
296,Makuhita,Fighting,None,237.0,72.0,60.0,30.0,20.0,30.0,25.0,3.0,True,60.0
297,Hariyama,Fighting,None,474.0,144.0,120.0,60.0,40.0,60.0,50.0,3.0,True,120.0
298,Azurill,Normal,Fairy,190.0,50.0,20.0,40.0,20.0,40.0,20.0,3.0,True,20.0
299,Nosepass,Rock,None,375.0,30.0,45.0,135.0,45.0,90.0,30.0,3.0,True,45.0
300,Skitty,Normal,None,260.0,50.0,45.0,45.0,35.0,35.0,50.0,3.0,True,45.0
301,Delcatty,Normal,None,380.0,70.0,65.0,65.0,55.0,55.0,70.0,3.0,True,65.0
302,Sableye,Dark,Ghost,380.0,50.0,75.0,75.0,65.0,65.0,50.0,3.0,True,75.0
302,SableyeMega Sableye,Dark,Ghost,480.0,50.0,85.0,125.0,85.0,115.0,20.0,3.0,True,85.0
303,Mawile,Steel,Fairy,380.0,50.0,85.0,85.0,55.0,55.0,50.0,3.0,True,85.0
303,MawileMega Mawile,Steel,Fairy,480.0,50.0,105.0,125.0,55.0,95.0,50.0,3.0,True,105.0
304,Aron,Steel,Rock,330.0,50.0,70.0,100.0,40.0,40.0,30.0,3.0,True,70.0
305,Lairon,Steel,Rock,430.0,60.0,90.0,140.0,50.0,50.0,40.0,3.0,True,90.0
306,Aggron,Steel,Rock,530.0,70.0,110.0,180.0,60.0,60.0,50.0,3.0,True,110.0
306,AggronMega Aggron,Steel,None,630.0,70.0,140.0,230.0,60.0,80.0,50.0,3.0,True,140.0
307,Meditite,Fighting,Psychic,280.0,30.0,40.0,55.0,40.0,55.0,60.0,3.0,True,40.0
308,Medicham,Fighting,Psychic,410.0,60.0,60.0,75.0,60.0,75.0,80.0,3.0,True,60.0
308,MedichamMega Medicham,Fighting,Psychic,510.0,60.0,100.0,85.0,80.0,85.0,100.0,3.0,True,100.0
309,Electrike,Electric,None,295.0,40.0,45.0,40.0,65.0,40.0,65.0,3.0,True,45.0
310,Manectric,Electric,None,475.0,70.0,75.0,60.0,105.0,60.0,105.0,3.0,True,75.0
310,ManectricMega Manectric,Electric,None,575.0,70.0,75.0,80.0,135.0,80.0,135.0,3.0,True,75.0
311,Plusle,Electric,None,405.0,60.0,50.0,40.0,85.0,75.0,95.0,3.0,True,50.0
312,Minun,Electric,None,405.0,60.0,40.0,50.0,75.0,85.0,95.0,3.0,True,40.0
313,Volbeat,Bug,None,400.0,65.0,73.0,55.0,47.0,75.0,85.0,3.0,True,73.0
314,Illumise,Bug,None,400.0,65.0,47.0,55.0,73.0,75.0,85.0,3.0,True,47.0
315,Roselia,Grass,Poison,400.0,50.0,60.0,-10.0,100.0,80.0,65.0,3.0,True,60.0
316,Gulpin,Poison,None,302.0,70.0,43.0,53.0,43.0,53.0,40.0,3.0,True,43.0
317,Swalot,Poison,None,467.0,100.0,73.0,83.0,73.0,83.0,55.0,3.0,True,73.0
318,Carvanha,Water,Dark,305.0,45.0,90.0,20.0,65.0,20.0,65.0,3.0,True,90.0
319,Sharpedo,Water,Dark,460.0,70.0,120.0,40.0,95.0,40.0,95.0,3.0,True,120.0
319,SharpedoMega Sharpedo,Water,Dark,560.0,70.0,140.0,70.0,110.0,65.0,105.0,3.0,True,140.0
320,Wailmer,Water,None,400.0,130.0,70.0,35.0,70.0,35.0,60.0,3.0,True,70.0
321,Wailord,Water,None,500.0,170.0,90.0,45.0,90.0,45.0,60.0,3.0,True,90.0
322,Numel,Fire,Ground,305.0,60.0,60.0,40.0,65.0,45.0,35.0,3.0,True,60.0
323,Camerupt,Fire,Ground,460.0,70.0,100.0,70.0,105.0,75.0,40.0,3.0,True,100.0
323,CameruptMega Camerupt,Fire,Ground,560.0,70.0,120.0,100.0,145.0,105.0,20.0,3.0,True,120.0
324,Torkoal,Fire,None,470.0,70.0,85.0,140.0,85.0,70.0,20.0,3.0,True,85.0
325,Spoink,Psychic,None,330.0,60.0,25.0,35.0,70.0,80.0,60.0,3.0,True,25.0
326,Grumpig,Psychic,None,470.0,80.0,45.0,65.0,90.0,110.11,80.0,3.0,True,45.0
327,Spinda,Normal,None,360.0,60.0,60.0,60.0,60.0,60.0,60.0,3.0,True,60.0
328,Trapinch,Ground,None,290.0,45.0,100.0,45.0,45.0,45.0,10.0,3.0,True,100.0
329,Vibrava,Ground,Dragon,340.0,50.0,70.0,50.0,50.0,50.0,70.0,3.0,True,70.0
330,Flygon,Ground,Dragon,520.0,80.0,100.0,80.0,80.0,80.0,100.0,3.0,True,100.0
331,Cacnea,Grass,None,335.0,50.0,85.0,40.0,85.0,40.0,35.0,3.0,True,85.0
332,Cacturne,Grass,Dark,475.0,70.0,115.0,60.0,115.0,60.0,55.0,3.0,True,115.0
333,Swablu,Normal,Flying,310.0,45.0,40.0,60.0,40.0,75.0,50.0,3.0,True,40.0
334,Altaria,Dragon,Flying,490.0,75.0,70.0,90.0,70.0,105.0,80.0,3.0,True,70.0
334,AltariaMega Altaria,Dragon,Fairy,590.0,75.0,110.0,110.0,110.0,105.0,80.0,3.0,True,110.0
335,Zangoose,Normal,None,458.0,73.0,115.0,60.0,60.0,60.0,90.0,3.0,True,115.0
336,Seviper,Poison,None,458.0,73.0,100.0,60.0,100.0,60.0,65.0,3.0,True,100.0
337,Lunatone,Rock,Psychic,440.0,70.0,55.0,65.0,95.0,85.0,70.0,3.0,True,55.0
338,Solrock,Rock,Psychic,440.0,70.0,95.0,85.0,55.0,65.0,70.0,3.0,True,95.0
339,Barboach,Water,Ground,288.0,50.0,48.0,43.0,46.0,41.0,60.0,3.0,True,48.0
340,Whiscash,Water,Ground,468.0,110.0,78.0,73.0,76.0,71.0,60.0,3.0,True,78.0
341,Corphish,Water,None,308.0,43.0,80.0,65.0,50.0,35.0,35.0,3.0,True,80.0
342,Crawdaunt,Water,Dark,468.0,63.0,120.0,85.0,90.0,55.0,55.0,3.0,True,120.0
343,Baltoy,Ground,Psychic,300.0,40.0,40.0,55.0,40.0,70.0,55.0,3.0,True,40.0
344,Claydol,Ground,Psychic,500.0,60.0,70.0,105.0,70.0,120.0,75.0,3.0,True,70.0
345,Lileep,Rock,Grass,355.0,66.0,41.0,77.0,61.0,87.0,23.0,3.0,True,41.0
346,Cradily,Rock,Grass,495.0,86.0,81.0,97.0,81.0,107.0,43.0,3.0,True,81.0
347,Anorith,Rock,Bug,355.0,45.0,95.0,50.0,40.0,50.0,75.0,3.0,True,95.0
348,Armaldo,Rock,Bug,495.0,75.0,125.0,100.0,70.0,80.0,45.0,3.0,True,125.0
349,Feebas,Water,None,200.0,20.0,15.0,20.0,10.0,55.0,80.0,3.0,True,15.0
350,Milotic,Water,None,540.0,95.0,60.0,79.0,100.0,125.0,81.0,3.0,True,60.0
351,Castform,Normal,None,420.0,70.0,70.0,70.0,70.0,70.0,70.0,3.0,True,70.0
352,Kecleon,Normal,None,440.0,60.0,90.0,70.0,60.0,120.0,40.0,3.0,True,90.0
353,Shuppet,Ghost,None,295.0,44.0,75.0,35.0,63.0,33.0,45.0,3.0,True,75.0
354,Banette,Ghost,None,455.0,64.0,115.0,65.0,83.0,63.0,65.0,3.0,True,115.0
354,BanetteMega Banette,Ghost,None,555.0,64.0,165.0,75.0,93.0,83.0,75.0,3.0,True,165.0
355,Duskull,Ghost,None,295.0,20.0,40.0,90.0,30.0,90.0,25.0,3.0,True,40.0
356,Dusclops,Ghost,None,455.0,40.0,70.0,130.0,60.0,130.0,25.0,3.0,True,70.0
357,Tropius,Grass,Flying,460.0,99.0,68.0,83.0,72.0,87.0,51.0,3.0,True,68.0
358,Chimecho,Psychic,None,425.0,65.0,50.0,70.0,95.0,80.0,65.0,3.0,True,50.0
359,Absol,Dark,None,465.0,65.0,130.0,60.0,75.0,60.0,75.0,3.0,True,130.0
359,AbsolMega Absol,Dark,None,565.0,65.0,150.0,60.0,115.0,60.0,115.0,3.0,True,150.0
360,Wynaut,Psychic,None,260.0,95.0,23.0,48.0,23.0,48.0,23.0,3.0,True,23.0
361,Snorunt,Ice,None,300.0,50.0,50.0,50.0,50.0,50.0,50.0,3.0,True,50.0
362,Glalie,Ice,None,480.0,80.0,80.0,80.0,80.0,80.0,80.0,3.0,True,80.0
362,GlalieMega Glalie,Ice,None,580.0,80.0,120.0,80.0,120.0,80.0,100.0,3.0,True,120.0
363,Spheal,Ice,Water,290.0,70.0,40.0,50.0,55.0,50.0,25.0,3.0,True,40.0
364,Sealeo,Ice,Water,410.0,90.0,60.0,70.0,75.0,70.0,45.0,3.0,True,60.0
365,Walrein,Ice,Water,530.0,110.0,80.0,90.0,95.0,90.0,65.0,3.0,True,80.0
366,Clamperl,Water,None,345.0,35.0,64.0,85.0,74.0,55.0,32.0,3.0,True,64.0
367,Huntail,Water,None,485.0,55.0,104.0,105.0,94.0,75.0,52.0,3.0,True,104.0
,,,None,,,,,,,,,True,
368,Gorebyss,Water,None,485.0,55.0,84.0,105.0,114.0,75.0,52.0,3.0,True,84.0
369,Relicanth,Water,Rock,485.0,100.0,90.0,130.0,45.0,65.0,55.0,3.0,True,90.0
370,Luvdisc,Water,None,330.0,43.0,30.0,55.0,40.0,65.0,97.0,3.0,True,30.0
371,Bagon,Dragon,None,300.0,45.0,75.0,60.0,40.0,30.0,50.0,3.0,True,75.0
372,Shelgon,Dragon,None,420.0,65.0,95.0,100.0,60.0,50.0,50.0,3.0,True,95.0
373,Salamence,Dragon,Flying,600.0,95.0,135.0,80.0,110.0,80.0,100.0,3.0,True,135.0
373,SalamenceMega Salamence,Dragon,Flying,700.0,95.0,145.0,130.0,120.0,90.0,120.0,3.0,True,145.0
374,Beldum,Steel,Psychic,300.0,40.0,55.0,80.0,35.0,60.0,30.0,3.0,True,55.0
375,Metang,Steel,Psychic,420.0,60.0,75.0,100.0,55.0,80.0,50.0,3.0,True,75.0
376,Metagross,Steel,Psychic,600.0,80.0,135.0,130.0,95.0,90.0,70.0,3.0,True,135.0
376,MetagrossMega Metagross,Steel,Psychic,700.0,80.0,145.0,150.0,105.0,110.0,110.0,3.0,True,145.0
377,Regirock,Rock,None,580.0,80.0,100.0,200.0,50.0,100.0,50.0,3.0,True,100.0
378,Regice,Ice,None,580.0,80.0,50.0,100.0,100.0,200.0,50.0,3.0,True,50.0
379,Registeel,Steel,None,580.0,80.0,75.0,150.0,75.0,150.0,50.0,3.0,True,75.0
380,Latias,Dragon,Psychic,600.0,80.0,80.0,90.0,110.0,130.0,110.0,3.0,True,80.0
380,LatiasMega Latias,Dragon,Psychic,700.0,80.0,100.0,120.0,140.0,150.0,110.0,3.0,True,100.0
381,Latios,Dragon,Psychic,600.0,80.0,90.0,80.0,130.0,110.0,110.0,3.0,True,90.0
381,LatiosMega Latios,Dragon,Psychic,700.0,80.0,130.0,100.0,160.0,120.0,110.0,3.0,True,130.0
382,Kyogre,Water,None,670.0,100.0,100.0,90.0,150.0,140.0,90.0,3.0,True,100.0
382,KyogrePrimal Kyogre,Water,BBB,770.0,100.0,150.0,90.0,180.0,160.0,90.0,3.0,True,150.0
383,Groudon,Ground,None,670.0,100.0,150.0,140.0,100.0,90.0,90.0,3.0,True,150.0
383,GroudonPrimal Groudon,Ground,Fire,770.0,100.0,180.0,160.0,150.0,90.0,90.0,3.0,True,167.5
384,Rayquaza,Dragon,Flying,680.0,105.0,150.0,90.0,150.0,90.0,95.0,3.0,True,150.0
384,RayquazaMega Rayquaza,Dragon,Flying,780.0,105.0,180.0,100.0,180.0,100.0,115.0,3.0,True,167.5
385,Jirachi,Steel,Psychic,600.0,100.0,100.0,100.0,100.0,100.0,100.0,3.0,True,100.0
386,DeoxysNormal Forme,Psychic,None,600.0,50.0,150.0,50.0,150.0,50.0,150.0,3.0,True,150.0
386,DeoxysAttack Forme,Psychic,None,600.0,50.0,180.0,20.0,180.0,20.0,150.0,3.0,True,167.5
386,DeoxysDefense Forme,Psychic,None,600.0,50.0,70.0,160.0,70.0,160.0,90.0,3.0,True,70.0
386,DeoxysSpeed Forme,Psychic,None,600.0,50.0,95.0,90.0,95.0,90.0,180.0,3.0,True,95.0
387,Turtwig,Grass,None,318.0,55.0,68.0,64.0,45.0,55.0,31.0,4.0,True,68.0
388,Grotle,Grass,None,405.0,75.0,89.0,85.0,55.0,65.0,36.0,4.0,True,89.0
389,Torterra,Grass,Ground,525.0,95.0,109.0,105.0,75.0,85.0,56.0,4.0,True,109.0
390,Chimchar,Fire,None,309.0,44.0,58.0,44.0,58.0,44.0,61.0,4.0,True,58.0
391,Monferno,Fire,Fighting,405.0,64.0,78.0,52.0,78.0,52.0,81.0,4.0,True,78.0
392,Infernape,Fire,Fighting,534.0,76.0,104.0,71.0,104.0,71.0,108.0,4.0,True,104.0
393,Piplup,Water,None,314.0,53.0,51.0,53.0,61.0,56.0,40.0,4.0,True,51.0
394,Prinplup,Water,None,405.0,64.0,66.0,68.0,81.0,76.0,50.0,4.0,True,66.0
395,Empoleon,Water,Steel,530.0,84.0,86.0,88.0,111.0,101.0,60.0,4.0,True,86.0
396,Starly,Normal,Flying,245.0,40.0,55.0,30.0,30.0,30.0,60.0,4.0,True,55.0
397,Staravia,Normal,Flying,340.0,55.0,75.0,50.0,40.0,40.0,80.0,4.0,True,75.0
398,Staraptor,Normal,Flying,485.0,85.0,120.0,70.0,50.0,60.0,100.0,4.0,True,120.0
399,Bidoof,Normal,None,250.0,59.0,45.0,40.0,35.0,40.0,31.0,4.0,True,45.0
400,Bibarel,Normal,Water,410.0,79.0,85.0,60.0,55.0,60.0,71.0,4.0,True,85.0
401,Kricketot,Bug,None,194.0,37.0,25.0,41.0,25.0,41.0,25.0,4.0,True,25.0
402,Kricketune,Bug,None,384.0,77.0,85.0,51.0,55.0,51.0,65.0,4.0,True,85.0
403,Shinx,Electric,None,263.0,45.0,65.0,34.0,40.0,34.0,45.0,4.0,True,65.0
404,Luxio,Electric,None,363.0,60.0,85.0,49.0,60.0,49.0,60.0,4.0,True,85.0
405,Luxray,Electric,None,523.0,80.0,120.0,79.0,95.0,79.0,70.0,4.0,True,120.0
406,Budew,Grass,Poison,280.0,40.0,30.0,35.0,50.0,70.0,55.0,4.0,True,30.0
407,Roserade,Grass,Poison,515.0,60.0,70.0,65.0,125.0,105.0,90.0,4.0,True,70.0
408,Cranidos,Rock,None,350.0,67.0,125.0,40.0,30.0,30.0,58.0,4.0,True,125.0
409,Rampardos,Rock,None,495.0,97.0,165.0,60.0,65.0,50.0,58.0,4.0,True,165.0
410,Shieldon,Rock,Steel,350.0,30.0,42.0,118.0,42.0,88.0,30.0,4.0,True,42.0
411,Bastiodon,Rock,Steel,495.0,60.0,52.0,168.0,47.0,138.0,30.0,4.0,True,52.0
412,Burmy,Bug,None,224.0,40.0,29.0,450.0,29.0,45.0,36.0,4.0,True,29.0
413,WormadamPlant Cloak,Bug,Grass,424.0,60.0,59.0,85.0,79.0,105.0,36.0,4.0,True,59.0
413,WormadamSandy Cloak,Bug,Ground,424.0,60.0,79.0,105.0,59.0,85.0,36.0,4.0,True,79.0
413,WormadamTrash Cloak,Bug,Steel,424.0,60.0,69.0,95.0,69.0,95.0,36.0,4.0,True,69.0
414,Mothim,Bug,Flying,424.0,70.0,94.0,50.0,94.0,50.0,66.0,4.0,True,94.0
415,Combee,Bug,Flying,244.0,30.0,30.0,42.0,30.0,42.0,70.0,4.0,True,30.0
416,Vespiquen,Bug,Flying,474.0,70.0,80.0,102.0,80.0,102.0,40.0,4.0,True,80.0
417,Pachirisu,Electric,None,405.0,60.0,45.0,70.0,45.0,90.0,95.0,4.0,True,45.0
418,Buizel,Water,None,330.0,55.0,65.0,35.0,60.0,30.0,85.0,4.0,True,65.0
419,Floatzel,Water,None,495.0,85.0,105.0,55.0,85.0,50.0,115.0,4.0,True,105.0
420,Cherubi,Grass,None,275.0,45.0,35.0,45.0,62.0,53.0,35.0,4.0,True,35.0
421,Cherrim,Grass,None,450.0,70.0,60.0,70.0,87.0,78.0,85.0,4.0,True,60.0
422,Shellos,Water,None,325.0,76.0,48.0,48.0,57.0,62.0,34.0,4.0,True,48.0
423,Gastrodon,Water,Ground,475.0,111.0,83.0,68.0,92.0,82.0,39.0,4.0,True,83.0
424,Ambipom,Normal,None,482.0,75.0,100.0,66.0,60.0,66.0,115.0,4.0,True,100.0
425,Drifloon,Ghost,Flying,348.0,90.0,50.0,34.0,60.0,44.0,70.0,4.0,True,50.0
426,Drifblim,Ghost,Flying,498.0,150.0,80.0,44.0,90.0,54.0,80.0,4.0,True,80.0
427,Buneary,Normal,None,350.0,55.0,66.0,44.0,44.0,56.0,85.0,4.0,True,66.0
428,Lopunny,Normal,None,480.0,65.0,76.0,84.0,54.0,96.0,105.0,4.0,True,76.0
428,LopunnyMega Lopunny,Normal,Fighting,580.0,65.0,136.0,94.0,54.0,96.0,135.0,4.0,True,136.0
429,Mismagius,Ghost,None,495.0,60.0,60.0,60.0,105.0,105.0,105.0,4.0,True,60.0
430,Honchkrow,Dark,Flying,505.0,100.0,125.0,52.0,105.0,52.0,71.0,4.0,True,125.0
431,Glameow,Normal,None,310.0,49.0,55.0,42.0,42.0,37.0,85.0,4.0,True,55.0
432,Purugly,Normal,None,452.0,71.0,82.0,64.0,64.0,59.0,112.0,4.0,True,82.0
433,Chingling,Psychic,None,285.0,45.0,30.0,50.0,65.0,50.0,45.0,4.0,True,30.0
434,Stunky,Poison,Dark,329.0,63.0,63.0,47.0,41.0,41.0,74.0,4.0,True,63.0
435,Skuntank,Poison,Dark,479.0,103.0,93.0,67.0,71.0,61.0,84.0,4.0,True,93.0
436,Bronzor,Steel,Psychic,300.0,57.0,24.0,86.0,24.0,86.0,23.0,4.0,True,24.0
437,Bronzong,Steel,Psychic,500.0,67.0,89.0,116.0,79.0,116.0,33.0,4.0,True,89.0
438,Bonsly,Rock,None,290.0,50.0,80.0,95.0,10.0,45.0,10.0,4.0,True,80.0
439,Mime Jr.,Psychic,Fairy,310.0,20.0,25.0,45.0,70.0,90.0,60.0,4.0,True,25.0
440,Happiny,Normal,None,220.0,100.0,5.0,5.0,15.0,65.0,30.0,4.0,True,5.0
441,Chatot,Normal,Flying,411.0,76.0,65.0,45.0,92.0,42.0,91.0,4.0,True,65.0
442,Spiritomb,Ghost,Dark,485.0,50.0,92.0,108.0,92.0,108.0,35.0,4.0,True,92.0
443,Gible,Dragon,Ground,300.0,58.0,70.0,45.0,40.0,45.0,42.0,4.0,True,70.0
444,Gabite,Dragon,Ground,410.0,68.0,90.0,65.0,50.0,55.0,82.0,4.0,True,90.0
445,Garchomp,Dragon,Ground,600.0,108.0,130.0,95.0,80.0,85.0,102.0,4.0,True,130.0
445,GarchompMega Garchomp,Dragon,Ground,700.0,108.0,170.0,115.0,120.0,95.0,92.0,4.0,True,167.5
446,Munchlax,Normal,None,390.0,135.0,85.0,40.0,40.0,85.0,5.0,4.0,True,85.0
447,Riolu,Fighting,None,285.0,40.0,70.0,40.0,35.0,40.0,60.0,4.0,True,70.0
448,Lucario,Fighting,Steel,525.0,70.0,110.0,70.0,115.0,70.0,90.0,4.0,True,110.0
448,LucarioMega Lucario,Fighting,Steel,625.0,70.0,145.0,88.0,140.0,70.0,112.0,4.0,True,145.0
449,Hippopotas,Ground,None,330.0,68.0,72.0,78.0,38.0,42.0,32.0,4.0,True,72.0
450,Hippowdon,Ground,None,525.0,108.0,112.0,118.0,68.0,72.0,47.0,4.0,True,112.0
451,Skorupi,Poison,Bug,330.0,40.0,50.0,90.0,30.0,55.0,65.0,4.0,True,50.0
452,Drapion,Poison,Dark,500.0,70.0,90.0,110.0,60.0,75.0,95.0,4.0,True,90.0
453,Croagunk,Poison,Fighting,300.0,48.0,61.0,40.0,61.0,40.0,50.0,4.0,True,61.0
454,Toxicroak,Poison,Fighting,490.0,83.0,106.0,65.0,86.0,65.0,85.0,4.0,True,106.0
455,Carnivine,Grass,None,454.0,74.0,100.0,72.0,90.0,72.0,46.0,4.0,True,100.0
456,Finneon,Water,None,330.0,49.0,49.0,56.0,49.0,61.0,66.0,4.0,True,49.0
457,Lumineon,Water,None,460.0,69.0,69.0,76.0,69.0,86.0,91.0,4.0,True,69.0
458,Mantyke,Water,Flying,345.0,45.0,20.0,50.0,60.0,120.0,50.0,4.0,True,20.0
459,Snover,Grass,Ice,334.0,60.0,62.0,50.0,62.0,60.0,40.0,4.0,True,62.0
460,Abomasnow,Grass,Ice,494.0,90.0,92.0,75.0,92.0,85.0,60.0,4.0,True,92.0
460,AbomasnowMega Abomasnow,Grass,Ice,594.0,90.0,132.0,105.0,132.0,105.0,30.0,4.0,True,132.0
461,Weavile,Dark,Ice,510.0,70.0,120.0,65.0,45.0,85.0,125.0,4.0,True,120.0
462,Magnezone,Electric,Steel,535.0,70.0,70.0,115.0,130.0,90.0,60.0,4.0,True,70.0
463,Lickilicky,Normal,None,515.0,110.0,85.0,95.0,80.0,95.0,50.0,4.0,True,85.0
464,Rhyperior,Ground,Rock,535.0,115.0,140.0,130.0,55.0,55.0,40.0,4.0,True,140.0
465,Tangrowth,Grass,None,535.0,100.0,100.0,125.0,110.0,50.0,50.0,4.0,True,100.0
466,Electivire,Electric,None,540.0,75.0,123.0,67.0,95.0,85.0,95.0,4.0,True,123.0
467,Magmortar,Fire,None,540.0,75.0,95.0,67.0,125.0,95.0,83.0,4.0,True,95.0
468,Togekiss,Fairy,Flying,545.0,85.0,50.0,95.0,120.0,115.0,80.0,4.0,True,50.0
469,Yanmega,Bug,Flying,515.0,86.0,76.0,86.0,116.0,56.0,95.0,4.0,True,76.0
470,Leafeon,Grass,None,525.0,65.0,110.0,130.0,60.0,65.0,95.0,4.0,True,110.0
471,Glaceon,Ice,None,525.0,65.0,60.0,110.0,130.0,95.0,65.0,4.0,True,60.0
472,Gliscor,Ground,Flying,510.0,75.0,95.0,125.0,45.0,75.0,95.0,4.0,True,95.0
473,Mamoswine,Ice,Ground,530.0,110.0,130.0,80.0,70.0,60.0,80.0,4.0,True,130.0
474,Porygon-Z,Normal,None,535.0,85.0,80.0,70.0,135.0,75.0,90.0,4.0,True,80.0
475,Gallade,Psychic,Fighting,518.0,68.0,125.0,65.0,65.0,115.0,80.0,4.0,True,125.0
475,GalladeMega Gallade,Psychic,Fighting,618.0,68.0,165.0,95.0,65.0,115.0,110.0,4.0,True,165.0
476,Probopass,Rock,Steel,525.0,60.0,55.0,145.0,75.0,150.0,40.0,4.0,True,55.0
477,Dusknoir,Ghost,None,525.0,45.0,100.0,135.0,65.0,135.0,45.0,4.0,True,100.0
478,Froslass,Ice,Ghost,480.0,70.0,80.0,70.0,80.0,70.0,110.0,4.0,True,80.0
479,Rotom,Electric,Ghost,440.0,50.0,50.0,77.0,95.0,77.0,91.0,4.0,True,50.0
479,RotomHeat Rotom,Electric,Fire,520.0,50.0,65.0,107.0,105.0,107.0,86.0,4.0,True,65.0
479,RotomWash Rotom,Electric,Water,520.0,50.0,65.0,107.0,105.0,107.0,86.0,4.0,True,65.0
479,RotomFrost Rotom,Electric,Ice,520.0,50.0,65.0,107.0,105.0,107.0,86.0,4.0,True,65.0
479,RotomFan Rotom,Electric,Flying,520.0,50.0,65.0,107.0,105.0,107.0,86.0,4.0,True,65.0
479,RotomMow Rotom,Electric,Grass,520.0,50.0,65.0,107.0,105.0,107.0,86.0,4.0,True,65.0
480,Uxie,Psychic,None,580.0,75.0,75.0,130.0,75.0,130.0,95.0,4.0,True,75.0
481,Mesprit,Psychic,None,580.0,80.0,105.0,105.0,105.0,105.0,80.0,4.0,True,105.0
482,Azelf,Psychic,None,580.0,75.0,125.0,70.0,125.0,70.0,115.0,4.0,True,125.0
483,Dialga,Steel,Dragon,680.0,100.0,120.0,120.0,150.0,100.0,90.0,4.0,True,120.0
484,Palkia,Water,Dragon,680.0,90.0,120.0,100.0,150.0,120.0,100.0,4.0,True,120.0
485,Heatran,Fire,Steel,600.0,91.0,90.0,106.0,130.0,106.0,77.0,4.0,True,90.0
486,Regigigas,Normal,None,670.0,110.0,160.0,110.0,80.0,110.0,100.0,4.0,True,160.0
487,GiratinaAltered Forme,Ghost,Dragon,680.0,150.0,100.0,120.0,100.0,120.0,90.0,4.0,True,100.0
487,GiratinaOrigin Forme,Ghost,Dragon,680.0,150.0,120.0,100.0,120.0,100.0,90.0,4.0,True,120.0
488,Cresselia,Psychic,None,600.0,120.0,70.0,120.0,75.0,130.0,85.0,4.0,True,70.0
489,Phione,Water,None,480.0,80.0,80.0,80.0,80.0,80.0,80.0,4.0,True,80.0
490,Manaphy,Water,None,600.0,100.0,100.0,100.0,100.0,100.0,100.0,4.0,True,100.0
491,Darkrai,Dark,None,600.0,70.0,90.0,90.0,135.0,90.0,125.0,4.0,True,90.0
492,ShayminLand Forme,Grass,None,600.0,100.0,100.0,100.0,100.0,100.0,100.0,4.0,True,100.0
492,ShayminSky Forme,Grass,Flying,600.0,100.0,103.0,75.0,120.0,75.0,127.0,4.0,True,103.0
493,Arceus,Normal,None,720.0,120.0,120.0,120.0,120.0,120.0,120.0,4.0,True,120.0
494,Victini,Psychic,Fire,600.0,100.0,100.0,100.0,100.0,100.0,100.0,5.0,True,100.0
495,Snivy,Grass,None,308.0,45.0,45.0,55.0,45.0,55.0,63.0,5.0,True,45.0
496,Servine,Grass,None,413.0,60.0,60.0,75.0,60.0,75.0,83.0,5.0,True,60.0
497,Serperior,Grass,None,528.0,75.0,75.0,95.0,75.0,95.0,113.0,5.0,True,75.0
498,Tepig,Fire,None,308.0,65.0,63.0,45.0,45.0,45.0,45.0,5.0,True,63.0
499,Pignite,Fire,Fighting,418.0,90.0,93.0,55.0,70.0,55.0,55.0,5.0,True,93.0
500,Emboar,Fire,Fighting,528.0,110.0,123.0,65.0,100.0,65.0,65.0,5.0,True,123.0
501,Oshawott,Water,None,308.0,55.0,55.0,45.0,63.0,45.0,45.0,5.0,True,55.0
502,Dewott,Water,None,413.0,75.0,75.0,60.0,83.0,60.0,60.0,5.0,True,75.0
503,Samurott,Water,None,528.0,95.0,100.0,85.0,108.0,70.0,70.0,5.0,True,100.0
504,Patrat,Normal,None,255.0,45.0,55.0,39.0,35.0,39.0,42.0,5.0,True,55.0
505,Watchog,Normal,None,420.0,60.0,85.0,69.0,60.0,69.0,77.0,5.0,True,85.0
506,Lillipup,Normal,None,275.0,45.0,60.0,45.0,25.0,45.0,55.0,5.0,True,60.0
507,Herdier,Normal,None,370.0,65.0,80.0,65.0,35.0,65.0,60.0,5.0,True,80.0
508,Stoutland,Normal,None,500.0,85.0,110.0,90.0,45.0,90.0,80.0,5.0,True,110.0
509,Purrloin,Dark,None,281.0,41.0,50.0,37.0,50.0,37.0,66.0,5.0,True,50.0
510,Liepard,Dark,None,446.0,64.0,88.0,50.0,88.0,50.0,106.0,5.0,True,88.0
511,Pansage,Grass,None,316.0,50.0,53.0,48.0,53.0,48.0,64.0,5.0,True,53.0
512,Simisage,Grass,None,498.0,75.0,98.0,63.0,98.0,63.0,101.0,5.0,True,98.0
513,Pansear,Fire,None,316.0,50.0,53.0,48.0,53.0,48.0,64.0,5.0,True,53.0
514,Simisear,Fire,None,498.0,75.0,98.0,63.0,98.0,63.0,101.0,5.0,True,98.0
515,Panpour,Water,None,316.0,50.0,53.0,48.0,53.0,48.0,64.0,5.0,True,53.0
516,Simipour,Water,None,498.0,75.0,98.0,63.0,98.0,63.0,101.0,5.0,True,98.0
517,Munna,Psychic,None,292.0,76.0,25.0,45.0,67.0,55.0,24.0,5.0,True,25.0
518,Musharna,Psychic,None,487.0,116.0,55.0,85.0,107.0,95.0,29.0,5.0,True,55.0
519,Pidove,Normal,Flying,264.0,50.0,55.0,50.0,36.0,30.0,43.0,5.0,True,55.0
520,Tranquill,Normal,Flying,358.0,62.0,77.0,62.0,50.0,42.0,65.0,5.0,True,77.0
521,Unfezant,Normal,Flying,488.0,80.0,115.0,80.0,65.0,55.0,93.0,5.0,True,115.0
522,Blitzle,Electric,None,295.0,45.0,60.0,32.0,50.0,32.0,76.0,5.0,True,60.0
523,Zebstrika,Electric,None,497.0,75.0,100.0,63.0,80.0,63.0,116.0,5.0,True,100.0
524,Roggenrola,Rock,None,280.0,55.0,75.0,85.0,25.0,25.0,15.0,5.0,True,75.0
525,Boldore,Rock,None,390.0,70.0,105.0,105.0,50.0,40.0,20.0,5.0,True,105.0
526,Gigalith,Rock,None,515.0,85.0,135.0,130.0,60.0,80.0,25.0,5.0,True,135.0
527,Woobat,Psychic,Flying,313.0,55.0,45.0,43.0,55.0,43.0,72.0,5.0,True,45.0
528,Swoobat,Psychic,Flying,425.0,67.0,57.0,55.0,77.0,55.0,114.0,5.0,True,57.0
529,Drilbur,Ground,None,328.0,60.0,85.0,40.0,30.0,45.0,68.0,5.0,True,85.0
530,Excadrill,Ground,Steel,508.0,110.0,135.0,60.0,50.0,65.0,88.0,5.0,True,135.0
531,Audino,Normal,None,445.0,103.0,60.0,86.0,60.0,86.0,50.0,5.0,True,60.0
531,AudinoMega Audino,Normal,Fairy,545.0,103.0,60.0,126.0,80.0,126.0,50.0,5.0,True,60.0
532,Timburr,Fighting,None,305.0,75.0,80.0,55.0,25.0,35.0,35.0,5.0,True,80.0
533,Gurdurr,Fighting,None,405.0,85.0,105.0,85.0,40.0,50.0,40.0,5.0,True,105.0
534,Conkeldurr,Fighting,None,505.0,105.0,140.0,95.0,55.0,65.0,45.0,5.0,True,140.0
535,Tympole,Water,None,294.0,50.0,50.0,40.0,50.0,40.0,64.0,5.0,True,50.0
536,Palpitoad,Water,Ground,384.0,75.0,65.0,55.0,65.0,55.0,69.0,5.0,True,65.0
537,Seismitoad,Water,Ground,509.0,105.0,95.0,75.0,85.0,75.0,74.0,5.0,True,95.0
538,Throh,Fighting,None,465.0,120.0,100.0,85.0,30.0,85.0,45.0,5.0,True,100.0
539,Sawk,Fighting,None,465.0,75.0,125.0,75.0,30.0,75.0,85.0,5.0,True,125.0
540,Sewaddle,Bug,Grass,310.0,45.0,53.0,70.0,40.0,60.0,42.0,5.0,True,53.0
541,Swadloon,Bug,Grass,380.0,55.0,63.0,90.0,50.0,80.0,42.0,5.0,True,63.0
542,Leavanny,Bug,Grass,500.0,75.0,103.0,80.0,70.0,80.0,92.0,5.0,True,103.0
543,Venipede,Bug,Poison,260.0,30.0,45.0,59.0,30.0,39.0,57.0,5.0,True,45.0
544,Whirlipede,Bug,Poison,360.0,40.0,55.0,99.0,40.0,79.0,47.0,5.0,True,55.0
545,Scolipede,Bug,Poison,485.0,60.0,100.0,89.0,55.0,69.0,112.0,5.0,True,100.0
546,Cottonee,Grass,Fairy,280.0,40.0,27.0,60.0,37.0,50.0,66.0,5.0,True,27.0
547,Whimsicott,Grass,Fairy,480.0,60.0,67.0,85.0,77.0,75.0,116.0,5.0,True,67.0
548,Petilil,Grass,None,280.0,45.0,35.0,50.0,70.0,50.0,30.0,5.0,True,35.0
549,Lilligant,Grass,None,480.0,70.0,60.0,75.0,110.0,75.0,90.0,5.0,True,60.0
550,Basculin,Water,None,460.0,70.0,92.0,65.0,80.0,55.0,98.0,5.0,True,92.0
551,Sandile,Ground,Dark,292.0,50.0,72.0,35.0,35.0,35.0,65.0,5.0,True,72.0
552,Krokorok,Ground,Dark,351.0,60.0,82.0,45.0,45.0,45.0,74.0,5.0,True,82.0
553,Krookodile,Ground,Dark,519.0,95.0,117.0,80.0,65.0,70.0,92.0,5.0,True,117.0
554,Darumaka,Fire,None,315.0,70.0,90.0,45.0,15.0,45.0,-50.0,5.0,True,90.0
555,DarmanitanStandard Mode,Fire,None,480.0,105.0,140.0,55.0,30.0,55.0,95.0,5.0,True,140.0
555,DarmanitanZen Mode,Fire,Psychic,540.0,105.0,30.0,105.0,140.0,105.0,55.0,5.0,True,30.0
556,Maractus,Grass,None,461.0,75.0,86.0,67.0,106.0,67.0,60.0,5.0,True,86.0
557,Dwebble,Bug,Rock,325.0,50.0,65.0,85.0,35.0,35.0,55.0,5.0,True,65.0
558,Crustle,Bug,Rock,475.0,70.0,95.0,125.0,65.0,75.0,45.0,5.0,True,95.0
559,Scraggy,Dark,Fighting,348.0,50.0,75.0,70.0,35.0,70.0,48.0,5.0,True,75.0
560,Scrafty,Dark,Fighting,488.0,65.0,90.0,115.0,45.0,115.0,58.0,5.0,True,90.0
561,Sigilyph,Psychic,Flying,490.0,72.0,58.0,80.0,103.0,80.0,97.0,5.0,True,58.0
562,Yamask,Ghost,None,303.0,38.0,30.0,85.0,55.0,65.0,30.0,5.0,True,30.0
563,Cofagrigus,Ghost,None,483.0,58.0,50.0,145.0,95.0,105.0,30.0,5.0,True,50.0
564,Tirtouga,Water,Rock,355.0,54.0,78.0,103.0,53.0,45.0,22.0,5.0,True,78.0
565,Carracosta,Water,Rock,495.0,74.0,108.0,133.0,83.0,65.0,32.0,5.0,True,108.0
566,Archen,Rock,Flying,401.0,55.0,112.0,45.0,74.0,45.0,70.0,5.0,True,112.0
567,Archeops,Rock,Flying,567.0,75.0,140.0,65.0,112.0,65.0,110.0,5.0,True,140.0
568,Trubbish,Poison,None,329.0,50.0,50.0,62.0,40.0,62.0,65.0,5.0,True,50.0
569,Garbodor,Poison,None,474.0,80.0,95.0,82.0,60.0,82.0,75.0,5.0,True,95.0
570,Zorua,Dark,None,330.0,40.0,65.0,40.0,80.0,40.0,65.0,5.0,True,65.0
571,Zoroark,Dark,None,510.0,60.0,105.0,60.0,120.0,60.0,105.0,5.0,True,105.0
572,Minccino,Normal,None,300.0,55.0,50.0,40.0,40.0,40.0,75.0,5.0,True,50.0
573,Cinccino,Normal,None,470.0,75.0,95.0,60.0,65.0,60.0,115.0,5.0,True,95.0
574,Gothita,Psychic,None,290.0,45.0,30.0,50.0,55.0,65.0,45.0,5.0,True,30.0
575,Gothorita,Psychic,None,390.0,60.0,45.0,70.0,75.0,85.0,55.0,5.0,True,45.0
576,Gothitelle,Psychic,None,490.0,70.0,55.0,95.0,95.0,110.0,65.0,5.0,True,55.0
577,Solosis,Psychic,None,290.0,45.0,30.0,40.0,105.0,50.0,20.0,5.0,True,30.0
578,Duosion,Psychic,None,370.0,65.0,40.0,50.0,125.0,60.0,30.0,5.0,True,40.0
579,Reuniclus,Psychic,None,490.0,110.0,65.0,75.0,125.0,85.0,30.0,5.0,True,65.0
580,Ducklett,Water,Flying,305.0,62.0,44.0,50.0,44.0,50.0,55.0,5.0,True,44.0
581,Swanna,Water,Flying,473.0,75.0,87.0,63.0,87.0,63.0,98.0,5.0,True,87.0
582,Vanillite,Ice,None,305.0,36.0,50.0,50.0,65.0,60.0,44.0,5.0,True,50.0
583,Vanillish,Ice,None,395.0,51.0,65.0,65.0,80.0,75.0,59.0,5.0,True,65.0
584,Vanilluxe,Ice,None,535.0,71.0,95.0,85.0,110.0,95.0,79.0,5.0,True,95.0
585,Deerling,Normal,Grass,335.0,60.0,60.0,50.0,40.0,50.0,75.0,5.0,True,60.0
586,Sawsbuck,Normal,Grass,475.0,80.0,100.0,70.0,60.0,70.0,95.0,5.0,True,100.0
587,Emolga,Electric,Flying,428.0,55.0,75.0,60.0,75.0,60.0,103.0,5.0,True,75.0
588,Karrablast,Bug,None,315.0,50.0,75.0,45.0,40.0,45.0,60.0,5.0,True,75.0
589,Escavalier,Bug,Steel,495.0,70.0,135.0,105.0,60.0,105.0,20.0,5.0,True,135.0
590,Foongus,Grass,Poison,294.0,69.0,55.0,45.0,55.0,55.0,15.0,5.0,True,55.0
591,Amoonguss,Grass,Poison,464.0,114.0,85.0,70.0,85.0,80.0,30.0,5.0,True,85.0
592,Frillish,Water,Ghost,335.0,55.0,40.0,50.0,65.0,85.0,40.0,5.0,True,40.0
593,Jellicent,Water,Ghost,480.0,100.0,60.0,70.0,85.0,105.0,60.0,5.0,True,60.0
594,Alomomola,Water,None,470.0,165.0,75.0,80.0,40.0,45.0,65.0,5.0,True,75.0
595,Joltik,Bug,Electric,319.0,50.0,47.0,50.0,57.0,50.0,65.0,5.0,True,47.0
596,Galvantula,Bug,Electric,472.0,70.0,77.0,60.0,97.0,60.0,108.0,5.0,True,77.0
597,Ferroseed,Grass,Steel,305.0,44.0,50.0,91.0,24.0,86.0,10.0,5.0,True,50.0
598,Ferrothorn,Grass,Steel,489.0,74.0,94.0,131.0,54.0,116.0,20.0,5.0,True,94.0
599,Klink,Steel,None,300.0,40.0,55.0,70.0,45.0,60.0,30.0,5.0,True,55.0
600,Klang,Steel,None,440.0,60.0,80.0,95.0,70.0,85.0,50.0,5.0,True,80.0
601,Klinklang,Steel,None,520.0,60.0,100.0,115.0,70.0,85.0,90.0,5.0,True,100.0
602,Tynamo,Electric,None,275.0,35.0,55.0,40.0,45.0,40.0,60.0,5.0,True,55.0
603,Eelektrik,Electric,None,405.0,65.0,85.0,70.0,75.0,70.0,40.0,5.0,True,85.0
604,Eelektross,Electric,None,515.0,85.0,115.0,80.0,105.0,80.0,50.0,5.0,True,115.0
605,Elgyem,Psychic,None,335.0,55.0,55.0,55.0,85.0,55.0,30.0,5.0,True,55.0
606,Beheeyem,Psychic,None,485.0,75.0,75.0,75.0,125.0,95.0,40.0,5.0,True,75.0
607,Litwick,Ghost,Fire,275.0,50.0,30.0,55.0,65.0,55.0,20.0,5.0,True,30.0
608,Lampent,Ghost,Fire,370.0,60.0,40.0,60.0,95.0,60.0,55.0,5.0,True,40.0
609,Chandelure,Ghost,Fire,520.0,60.0,55.0,90.0,145.0,90.0,80.0,5.0,True,55.0
610,Axew,Dragon,None,320.0,46.0,87.0,60.0,30.0,40.0,57.0,5.0,True,87.0
611,Fraxure,Dragon,None,410.0,66.0,117.0,70.0,40.0,50.0,67.0,5.0,True,117.0
612,Haxorus,Dragon,None,540.0,76.0,147.0,90.0,60.0,70.0,97.0,5.0,True,147.0
613,Cubchoo,Ice,None,305.0,55.0,70.0,40.0,60.0,40.0,40.0,5.0,True,70.0
614,Beartic,Ice,None,485.0,95.0,110.0,80.0,70.0,80.0,50.0,5.0,True,110.0
615,Cryogonal,Ice,None,485.0,70.0,50.0,30.0,95.0,135.0,105.0,5.0,True,50.0
616,Shelmet,Bug,None,305.0,50.0,40.0,85.0,40.0,65.0,25.0,5.0,True,40.0
617,Accelgor,Bug,None,495.0,80.0,70.0,40.0,100.0,60.0,145.0,5.0,True,70.0
618,Stunfisk,Ground,Electric,471.0,109.0,66.0,84.0,81.0,99.0,32.0,5.0,True,66.0
619,Mienfoo,Fighting,None,350.0,45.0,85.0,50.0,55.0,50.0,65.0,5.0,True,85.0
620,Mienshao,Fighting,None,510.0,65.0,125.0,60.0,95.0,60.0,105.0,5.0,True,125.0
621,Druddigon,Dragon,None,485.0,77.0,120.0,90.0,60.0,90.0,48.0,5.0,True,120.0
622,Golett,Ground,Ghost,303.0,59.0,74.0,50.0,35.0,50.0,35.0,5.0,True,74.0
623,Golurk,Ground,Ghost,483.0,89.0,124.0,80.0,55.0,80.0,55.0,5.0,True,124.0
624,Pawniard,Dark,Steel,340.0,45.0,85.0,70.0,40.0,40.0,60.0,5.0,True,85.0
625,Bisharp,Dark,Steel,490.0,65.0,125.0,100.0,60.0,70.0,70.0,5.0,True,125.0
626,Bouffalant,Normal,None,490.0,95.0,110.0,95.0,40.0,95.0,55.0,5.0,True,110.0
627,Rufflet,Normal,Flying,350.0,70.0,83.0,50.0,37.0,50.0,60.0,5.0,True,83.0
628,Braviary,Normal,Flying,510.0,100.0,123.0,75.0,57.0,75.0,80.0,5.0,True,123.0
629,Vullaby,Dark,Flying,370.0,70.0,55.0,75.0,45.0,65.0,60.0,5.0,True,55.0
630,Mandibuzz,Dark,Flying,510.0,110.0,65.0,105.0,55.0,95.0,80.0,5.0,True,65.0
631,Heatmor,Fire,None,484.0,85.0,97.0,66.0,105.0,66.0,65.0,5.0,True,97.0
632,Durant,Bug,Steel,484.0,58.0,109.0,112.0,48.0,48.0,109.0,5.0,True,109.0
633,Deino,Dark,Dragon,300.0,52.0,65.0,50.0,45.0,50.0,38.0,5.0,True,65.0
634,Zweilous,Dark,Dragon,420.0,72.0,85.0,70.0,65.0,70.0,58.0,5.0,True,85.0
635,Hydreigon,Dark,Dragon,600.0,92.0,105.0,90.0,125.0,90.0,98.0,5.0,True,105.0
636,Larvesta,Bug,Fire,360.0,55.0,85.0,55.0,50.0,55.0,60.0,5.0,True,85.0
637,Volcarona,Bug,Fire,550.0,85.0,60.0,65.0,135.0,105.0,100.0,5.0,True,60.0
638,Cobalion,Steel,Fighting,580.0,91.0,90.0,129.0,90.0,72.0,108.0,5.0,True,90.0
639,Terrakion,Rock,Fighting,580.0,91.0,129.0,90.0,72.0,90.0,108.0,5.0,True,129.0
640,Virizion,Grass,Fighting,580.0,91.0,90.0,72.0,90.0,129.0,108.0,5.0,True,90.0
641,TornadusIncarnate Forme,Flying,None,580.0,79.0,115.0,70.0,125.0,80.0,111.0,5.0,True,115.0
641,TornadusTherian Forme,Flying,None,580.0,79.0,100.0,80.0,110.0,90.0,121.0,5.0,True,100.0
642,ThundurusIncarnate Forme,Electric,Flying,580.0,79.0,115.0,70.0,125.0,80.0,111.0,5.0,True,115.0
642,ThundurusTherian Forme,Electric,Flying,580.0,79.0,105.0,70.0,145.0,80.0,101.0,5.0,True,105.0
643,Reshiram,Dragon,Fire,680.0,100.0,120.0,100.0,150.0,120.0,90.0,5.0,True,120.0
644,Zekrom,Dragon,Electric,680.0,100.0,150.0,120.0,120.0,100.0,90.0,5.0,True,150.0
645,LandorusIncarnate Forme,Ground,Flying,600.0,89.0,125.0,90.0,115.0,80.0,101.0,5.0,True,125.0
645,LandorusTherian Forme,Ground,Flying,600.0,89.0,145.0,90.0,105.0,80.0,91.0,5.0,True,145.0
646,Kyurem,Dragon,Ice,660.0,125.0,130.0,90.0,130.0,90.0,95.0,5.0,True,130.0
646,KyuremBlack Kyurem,Dragon,Ice,700.0,125.0,170.0,100.0,120.0,90.0,95.0,5.0,True,167.5
646,KyuremWhite Kyurem,Dragon,Ice,700.0,125.0,120.0,90.0,170.0,100.0,95.0,5.0,True,120.0
647,KeldeoOrdinary Forme,Water,Fighting,580.0,91.0,72.0,90.0,129.0,90.0,108.0,5.0,True,72.0
647,KeldeoResolute Forme,Water,Fighting,580.0,91.0,72.0,90.0,129.0,90.0,108.0,5.0,True,72.0
648,MeloettaAria Forme,Normal,Psychic,600.0,100.0,77.0,77.0,128.0,128.0,90.0,5.0,True,77.0
648,MeloettaPirouette Forme,Normal,Fighting,600.0,100.0,128.0,90.0,77.0,77.0,128.0,5.0,True,128.0
649,Genesect,Bug,Steel,600.0,71.0,120.0,95.0,120.0,95.0,99.0,5.0,True,120.0
650,Chespin,Grass,None,313.0,56.0,61.0,65.0,48.0,45.0,38.0,6.0,True,61.0
651,Quilladin,Grass,None,405.0,61.0,78.0,95.0,56.0,58.0,57.0,6.0,True,78.0
652,Chesnaught,Grass,Fighting,530.0,88.0,107.0,122.0,74.0,75.0,64.0,6.0,True,107.0
653,Fennekin,Fire,None,307.0,40.0,45.0,40.0,62.0,60.0,60.0,6.0,True,45.0
654,Braixen,Fire,None,409.0,59.0,59.0,58.0,90.0,70.0,73.0,6.0,True,59.0
655,Delphox,Fire,Psychic,534.0,75.0,69.0,72.0,114.0,100.0,104.0,6.0,True,69.0
656,Froakie,Water,None,314.0,41.0,56.0,40.0,62.0,44.0,71.0,6.0,True,56.0
657,Frogadier,Water,None,405.0,54.0,63.0,52.0,83.0,56.0,97.0,6.0,True,63.0
658,Greninja,Water,Dark,530.0,72.0,95.0,67.0,103.0,71.0,122.0,6.0,True,95.0
659,Bunnelby,Normal,None,237.0,38.0,36.0,38.0,32.0,36.0,57.0,6.0,True,36.0
660,Diggersby,Normal,Ground,423.0,85.0,56.0,77.0,50.0,77.0,78.0,6.0,True,56.0
661,Fletchling,Normal,Flying,278.0,45.0,50.0,43.0,40.0,38.0,62.0,6.0,True,50.0
662,Fletchinder,Fire,Flying,382.0,62.0,73.0,55.0,56.0,52.0,84.0,6.0,True,73.0
663,Talonflame,Fire,Flying,499.0,78.0,81.0,71.0,74.0,69.0,126.0,6.0,True,81.0
664,Scatterbug,Bug,None,200.0,38.0,35.0,40.0,27.0,25.0,35.0,6.0,True,35.0
665,Spewpa,Bug,None,213.0,45.0,22.0,60.0,27.0,30.0,29.0,6.0,True,22.0
666,Vivillon,Bug,Flying,411.0,80.0,52.0,50.0,90.0,50.0,89.0,6.0,True,52.0
667,Litleo,Fire,Normal,369.0,62.0,50.0,58.0,73.0,54.0,72.0,6.0,True,50.0
668,Pyroar,Fire,Normal,507.0,86.0,68.0,72.0,109.0,66.0,106.0,6.0,True,68.0
669,FlabÃ©bÃ©,Fairy,None,303.0,44.0,38.0,39.0,61.0,79.0,42.0,6.0,True,38.0
670,Floette,Fairy,None,371.0,54.0,45.0,47.0,75.0,98.0,52.0,6.0,True,45.0
671,Florges,Fairy,None,552.0,78.0,65.0,68.0,112.0,154.0,75.0,6.0,True,65.0
672,Skiddo,Grass,None,350.0,66.0,65.0,48.0,62.0,57.0,52.0,6.0,True,65.0
673,Gogoat,Grass,None,531.0,123.0,100.0,62.0,97.0,81.0,68.0,6.0,True,100.0
674,Pancham,Fighting,None,348.0,67.0,82.0,62.0,46.0,48.0,43.0,6.0,True,82.0
675,Pangoro,Fighting,Dark,495.0,95.0,124.0,78.0,69.0,71.0,58.0,6.0,True,124.0
676,Furfrou,Normal,None,472.0,75.0,80.0,60.0,65.0,90.0,102.0,6.0,True,80.0
677,Espurr,Psychic,None,355.0,62.0,48.0,54.0,63.0,60.0,68.0,6.0,True,48.0
678,MeowsticMale,Psychic,None,466.0,74.0,48.0,76.0,83.0,81.0,104.0,6.0,True,48.0
678,MeowsticFemale,Psychic,None,466.0,74.0,48.0,76.0,83.0,81.0,104.0,6.0,True,48.0
679,Honedge,Steel,Ghost,325.0,45.0,80.0,100.0,35.0,37.0,28.0,6.0,True,80.0
680,Doublade,Steel,Ghost,448.0,59.0,110.0,150.0,45.0,49.0,35.0,6.0,True,110.0
681,AegislashBlade Forme,Steel,Ghost,520.0,60.0,150.0,50.0,150.0,50.0,60.0,6.0,True,150.0
681,AegislashShield Forme,Steel,Ghost,520.0,60.0,50.0,150.0,50.0,150.0,60.0,6.0,True,50.0
682,Spritzee,Fairy,None,341.0,78.0,52.0,60.0,63.0,65.0,23.0,6.0,True,52.0
683,Aromatisse,Fairy,None,462.0,101.0,72.0,72.0,99.0,89.0,29.0,6.0,True,72.0
684,Swirlix,Fairy,None,341.0,62.0,48.0,66.0,59.0,57.0,49.0,6.0,True,48.0
685,Slurpuff,Fairy,None,480.0,82.0,80.0,86.0,85.0,75.0,72.0,6.0,True,80.0
686,Inkay,Dark,Psychic,288.0,53.0,54.0,53.0,37.0,46.0,45.0,6.0,True,54.0
687,Malamar,Dark,Psychic,482.0,86.0,92.0,88.0,68.0,75.0,73.0,6.0,True,92.0
688,Binacle,Rock,Water,306.0,42.0,52.0,67.0,39.0,56.0,50.0,6.0,True,52.0
689,Barbaracle,Rock,Water,500.0,72.0,105.0,115.0,54.0,86.0,68.0,6.0,True,105.0
690,Skrelp,Poison,Water,320.0,50.0,60.0,60.0,60.21,60.0,30.0,6.0,True,60.0
691,Dragalge,Poison,Dragon,494.0,65.0,75.0,90.0,97.0,123.0,44.0,6.0,True,75.0
692,Clauncher,Water,None,330.0,50.1,53.0,62.0,58.0,63.0,44.0,6.0,True,53.0
693,Clawitzer,Water,None,500.0,71.0,73.0,88.0,120.0,89.0,59.0,6.0,True,73.0
694,Helioptile,Electric,Normal,289.0,44.0,38.0,33.0,61.0,43.0,70.0,6.0,True,38.0
695,Heliolisk,Electric,Normal,481.0,62.0,55.0,52.0,109.0,94.0,109.0,,True,55.0
696,Tyrunt,Rock,Dragon,362.0,58.0,89.0,77.0,45.0,45.0,48.0,6.0,True,89.0
697,Tyrantrum,Rock,Dragon,521.0,82.0,121.0,119.0,69.0,59.0,71.0,6.0,True,121.0
698,Amaura,Rock,Ice,362.0,77.0,59.0,50.0,67.0,63.0,46.0,6.0,True,59.0
699,Aurorus,Rock,Ice,521.0,123.0,77.0,72.0,99.0,92.0,58.0,6.0,True,77.0
700,Sylveon,Fairy,None,525.0,95.0,65.0,65.0,110.0,130.0,60.0,6.0,True,65.0
701,Hawlucha,Fighting,Flying,500.0,78.0,92.0,75.0,74.0,63.0,118.0,6.0,True,92.0
702,Dedenne,Electric,Fairy,431.0,67.0,58.0,57.0,81.0,67.0,101.0,6.0,True,58.0
703,Carbink,Rock,Fairy,500.0,50.0,50.0,150.0,50.0,150.0,50.0,6.0,True,50.0
704,Goomy,Dragon,None,300.0,45.0,50.0,35.0,55.0,75.0,40.0,6.0,True,50.0
705,Sliggoo,Dragon,None,452.0,68.0,75.0,53.0,83.0,113.0,60.0,6.0,True,75.0
706,Goodra,Dragon,None,600.0,90.0,100.0,70.0,110.0,150.0,80.0,6.0,True,100.0
707,Klefki,Steel,Fairy,470.0,57.0,80.0,91.0,80.0,87.0,75.0,6.0,True,80.0
708,Phantump,Ghost,Grass,309.0,43.0,70.0,48.0,50.0,60.0,38.0,6.0,True,70.0
709,Trevenant,Ghost,Grass,474.0,85.0,110.0,76.0,65.0,82.0,56.0,6.0,True,110.0
710,PumpkabooAverage Size,Ghost,Grass,435.0,49.0,66.0,70.0,44.0,55.0,51.0,6.0,True,66.0
710,PumpkabooSmall Size,Ghost,Grass,335.0,44.0,66.0,70.0,44.0,55.0,56.0,6.0,True,66.0
710,PumpkabooLarge Size,Ghost,Grass,335.0,54.0,66.0,70.0,44.0,55.0,46.0,6.0,True,66.0
710,PumpkabooSuper Size,Ghost,Grass,335.0,59.0,66.0,70.0,44.0,55.0,41.0,6.0,True,66.0
711,GourgeistAverage Size,Ghost,Grass,494.0,65.0,90.0,122.0,58.0,75.0,84.0,6.0,True,90.0
711,GourgeistSmall Size,Ghost,Grass,494.0,55.0,85.0,122.0,58.0,75.0,99.0,6.0,True,85.0
711,GourgeistLarge Size,Ghost,Grass,494.0,75.0,95.0,122.0,58.0,75.0,69.0,6.0,True,95.0
711,GourgeistSuper Size,Ghost,Grass,494.0,185.0,100.0,122.0,58.0,75.0,54.0,6.0,True,100.0
712,Bergmite,Ice,None,304.0,55.0,69.0,85.0,32.0,35.0,28.0,6.0,True,69.0
713,Avalugg,Ice,None,714.0,95.0,117.0,184.0,44.0,46.0,28.0,6.0,True,117.0
714,Noibat,Flying,Dragon,245.0,40.0,30.0,35.0,45.0,40.0,55.0,6.0,True,30.0
715,Noivern,Flying,Dragon,535.0,85.0,70.0,80.0,97.0,80.0,123.0,6.0,True,70.0
716,Xerneas,Fairy,None,680.0,126.0,131.0,95.0,131.0,98.0,99.0,6.0,True,131.0
717,Yveltal,Dark,Flying,680.0,126.0,131.0,95.0,131.0,98.0,99.0,6.0,True,131.0
718,Zygarde50% Forme,Dragon,Ground,600.0,108.0,100.0,121.0,81.0,95.0,95.0,6.0,True,100.0
719,Diancie,Rock,Fairy,600.0,50.0,100.0,150.0,100.0,150.0,50.0,6.0,True,100.0
719,DiancieMega Diancie,Rock,Fairy,700.0,50.0,160.0,110.0,160.0,110.0,110.0,6.0,True,160.0
720,HoopaHoopa Confined,Psychic,Ghost,600.0,80.0,110.0,60.0,150.0,130.0,70.0,6.0,True,110.0
720,HoopaHoopa Unbound,Psychic,Dark,680.0,80.0,160.0,60.0,170.0,130.0,80.0,6.0,True,160.0
721,Volcanion,Fire,Water,600.0,80.0,110.0,120.0,130.0,90.0,70.0,6.0,True,110.0
undefined,undefined,undefined,undefined,,,,,,,,,True,
,,,None,,,,,,,,,True,
